# godot-enums table -- generated by scripts/generate_api_wrapper.py from scripts/godot_enum_model.py; do not edit
# schemaVersion=1
# E<TAB>godotKey<TAB>kotlinFqName<TAB>enum|bitfield<TAB>NAME=value,NAME=value,...
E	AESContext.Mode	net.multigesture.kanama.api.AESContext.Mode	enum	ECB_ENCRYPT=0,ECB_DECRYPT=1,CBC_ENCRYPT=2,CBC_DECRYPT=3,MAX=4
E	AStarGrid2D.CellShape	net.multigesture.kanama.api.AStarGrid2D.CellShape	enum	SQUARE=0,ISOMETRIC_RIGHT=1,ISOMETRIC_DOWN=2,MAX=3
E	AStarGrid2D.DiagonalMode	net.multigesture.kanama.api.AStarGrid2D.DiagonalMode	enum	ALWAYS=0,NEVER=1,AT_LEAST_ONE_WALKABLE=2,ONLY_IF_NO_OBSTACLES=3,MAX=4
E	AStarGrid2D.Heuristic	net.multigesture.kanama.api.AStarGrid2D.Heuristic	enum	EUCLIDEAN=0,MANHATTAN=1,OCTILE=2,CHEBYSHEV=3,MAX=4
E	AccessibilityServer.AccessibilityAction	net.multigesture.kanama.api.AccessibilityServer.AccessibilityAction	enum	CLICK=0,FOCUS=1,BLUR=2,COLLAPSE=3,EXPAND=4,DECREMENT=5,INCREMENT=6,HIDE_TOOLTIP=7,SHOW_TOOLTIP=8,SET_TEXT_SELECTION=9,REPLACE_SELECTED_TEXT=10,SCROLL_BACKWARD=11,SCROLL_DOWN=12,SCROLL_FORWARD=13,SCROLL_LEFT=14,SCROLL_RIGHT=15,SCROLL_UP=16,SCROLL_INTO_VIEW=17,SCROLL_TO_POINT=18,SET_SCROLL_OFFSET=19,SET_VALUE=20,SHOW_CONTEXT_MENU=21,CUSTOM=22
E	AccessibilityServer.AccessibilityFlags	net.multigesture.kanama.api.AccessibilityServer.AccessibilityFlags	enum	HIDDEN=0,MULTISELECTABLE=1,REQUIRED=2,VISITED=3,BUSY=4,MODAL=5,TOUCH_PASSTHROUGH=6,READONLY=7,DISABLED=8,CLIPS_CHILDREN=9
E	AccessibilityServer.AccessibilityLiveMode	net.multigesture.kanama.api.AccessibilityServer.AccessibilityLiveMode	enum	OFF=0,POLITE=1,ASSERTIVE=2
E	AccessibilityServer.AccessibilityPopupType	net.multigesture.kanama.api.AccessibilityServer.AccessibilityPopupType	enum	MENU=0,LIST=1,TREE=2,DIALOG=3
E	AccessibilityServer.AccessibilityRole	net.multigesture.kanama.api.AccessibilityServer.AccessibilityRole	enum	UNKNOWN=0,DEFAULT_BUTTON=1,AUDIO=2,VIDEO=3,STATIC_TEXT=4,CONTAINER=5,PANEL=6,BUTTON=7,LINK=8,CHECK_BOX=9,RADIO_BUTTON=10,CHECK_BUTTON=11,SCROLL_BAR=12,SCROLL_VIEW=13,SPLITTER=14,SLIDER=15,SPIN_BUTTON=16,PROGRESS_INDICATOR=17,TEXT_FIELD=18,MULTILINE_TEXT_FIELD=19,COLOR_PICKER=20,TABLE=21,CELL=22,ROW=23,ROW_GROUP=24,ROW_HEADER=25,COLUMN_HEADER=26,TREE=27,TREE_ITEM=28,LIST=29,LIST_ITEM=30,LIST_BOX=31,LIST_BOX_OPTION=32,TAB_BAR=33,TAB=34,TAB_PANEL=35,MENU_BAR=36,MENU=37,MENU_ITEM=38,MENU_ITEM_CHECK_BOX=39,MENU_ITEM_RADIO=40,IMAGE=41,WINDOW=42,TITLE_BAR=43,DIALOG=44,TOOLTIP=45,REGION=46,TEXT_RUN=47
E	AccessibilityServer.AccessibilityScrollHint	net.multigesture.kanama.api.AccessibilityServer.AccessibilityScrollHint	enum	TOP_LEFT=0,BOTTOM_RIGHT=1,TOP_EDGE=2,BOTTOM_EDGE=3,LEFT_EDGE=4,RIGHT_EDGE=5
E	AccessibilityServer.AccessibilityScrollUnit	net.multigesture.kanama.api.AccessibilityServer.AccessibilityScrollUnit	enum	ITEM=0,PAGE=1
E	Animation.FindMode	net.multigesture.kanama.api.Animation.FindMode	enum	NEAREST=0,APPROX=1,EXACT=2
E	Animation.InterpolationType	net.multigesture.kanama.api.Animation.InterpolationType	enum	NEAREST=0,LINEAR=1,CUBIC=2,LINEAR_ANGLE=3,CUBIC_ANGLE=4
E	Animation.LoopMode	net.multigesture.kanama.api.Animation.LoopMode	enum	NONE=0,LINEAR=1,PINGPONG=2
E	Animation.LoopedFlag	net.multigesture.kanama.api.Animation.LoopedFlag	enum	NONE=0,END=1,START=2
E	Animation.TrackType	net.multigesture.kanama.api.Animation.TrackType	enum	VALUE=0,POSITION_3D=1,ROTATION_3D=2,SCALE_3D=3,BLEND_SHAPE=4,METHOD=5,BEZIER=6,AUDIO=7,ANIMATION=8
E	Animation.UpdateMode	net.multigesture.kanama.api.Animation.UpdateMode	enum	CONTINUOUS=0,DISCRETE=1,CAPTURE=2
E	AnimationMixer.AnimationCallbackModeDiscrete	net.multigesture.kanama.api.AnimationMixer.AnimationCallbackModeDiscrete	enum	DOMINANT=0,RECESSIVE=1,FORCE_CONTINUOUS=2
E	AnimationMixer.AnimationCallbackModeMethod	net.multigesture.kanama.api.AnimationMixer.AnimationCallbackModeMethod	enum	DEFERRED=0,IMMEDIATE=1
E	AnimationMixer.AnimationCallbackModeProcess	net.multigesture.kanama.api.AnimationMixer.AnimationCallbackModeProcess	enum	PHYSICS=0,IDLE=1,MANUAL=2
E	AnimationNode.FilterAction	net.multigesture.kanama.api.AnimationNode.FilterAction	enum	IGNORE=0,PASS=1,STOP=2,BLEND=3
E	AnimationNodeAnimation.PlayMode	net.multigesture.kanama.api.AnimationNodeAnimation.PlayMode	enum	FORWARD=0,BACKWARD=1
E	AnimationNodeBlendSpace1D.BlendMode	net.multigesture.kanama.api.AnimationNodeBlendSpace1D.BlendMode	enum	INTERPOLATED=0,DISCRETE=1,DISCRETE_CARRY=2
E	AnimationNodeBlendSpace1D.SyncMode	net.multigesture.kanama.api.AnimationNodeBlendSpace1D.SyncMode	enum	NONE=0,INDEPENDENT=1,CYCLIC_MUTABLE=2,CYCLIC_CONSTANT=3
E	AnimationNodeBlendSpace2D.BlendMode	net.multigesture.kanama.api.AnimationNodeBlendSpace2D.BlendMode	enum	INTERPOLATED=0,DISCRETE=1,DISCRETE_CARRY=2
E	AnimationNodeBlendSpace2D.SyncMode	net.multigesture.kanama.api.AnimationNodeBlendSpace2D.SyncMode	enum	NONE=0,INDEPENDENT=1,CYCLIC_MUTABLE=2,CYCLIC_CONSTANT=3
E	AnimationNodeOneShot.MixMode	net.multigesture.kanama.api.AnimationNodeOneShot.MixMode	enum	BLEND=0,ADD=1
E	AnimationNodeOneShot.OneShotRequest	net.multigesture.kanama.api.AnimationNodeOneShot.OneShotRequest	enum	NONE=0,FIRE=1,ABORT=2,FADE_OUT=3
E	AnimationNodeStateMachine.StateMachineType	net.multigesture.kanama.api.AnimationNodeStateMachine.StateMachineType	enum	ROOT=0,NESTED=1,GROUPED=2
E	AnimationNodeStateMachineTransition.AdvanceMode	net.multigesture.kanama.api.AnimationNodeStateMachineTransition.AdvanceMode	enum	DISABLED=0,ENABLED=1,AUTO=2
E	AnimationNodeStateMachineTransition.SwitchMode	net.multigesture.kanama.api.AnimationNodeStateMachineTransition.SwitchMode	enum	IMMEDIATE=0,SYNC=1,AT_END=2
E	AnimationPlayer.AnimationMethodCallMode	net.multigesture.kanama.api.AnimationPlayer.AnimationMethodCallMode	enum	DEFERRED=0,IMMEDIATE=1
E	AnimationPlayer.AnimationProcessCallback	net.multigesture.kanama.api.AnimationPlayer.AnimationProcessCallback	enum	PHYSICS=0,IDLE=1,MANUAL=2
E	AnimationTree.AnimationProcessCallback	net.multigesture.kanama.api.AnimationTree.AnimationProcessCallback	enum	PHYSICS=0,IDLE=1,MANUAL=2
E	Area2D.SpaceOverride	net.multigesture.kanama.api.Area2D.SpaceOverride	enum	DISABLED=0,COMBINE=1,COMBINE_REPLACE=2,REPLACE=3,REPLACE_COMBINE=4
E	Area3D.SpaceOverride	net.multigesture.kanama.api.Area3D.SpaceOverride	enum	DISABLED=0,COMBINE=1,COMBINE_REPLACE=2,REPLACE=3,REPLACE_COMBINE=4
E	AspectRatioContainer.AlignmentMode	net.multigesture.kanama.api.AspectRatioContainer.AlignmentMode	enum	BEGIN=0,CENTER=1,END=2
E	AspectRatioContainer.StretchMode	net.multigesture.kanama.api.AspectRatioContainer.StretchMode	enum	WIDTH_CONTROLS_HEIGHT=0,HEIGHT_CONTROLS_WIDTH=1,FIT=2,COVER=3
E	AudioEffectDistortion.Mode	net.multigesture.kanama.api.AudioEffectDistortion.Mode	enum	CLIP=0,ATAN=1,LOFI=2,OVERDRIVE=3,WAVESHAPE=4
E	AudioEffectFilter.FilterDB	net.multigesture.kanama.api.AudioEffectFilter.FilterDB	enum	FILTER_6DB=0,FILTER_12DB=1,FILTER_18DB=2,FILTER_24DB=3
E	AudioEffectPitchShift.FFTSize	net.multigesture.kanama.api.AudioEffectPitchShift.FFTSize	enum	SIZE_256=0,SIZE_512=1,SIZE_1024=2,SIZE_2048=3,SIZE_4096=4,MAX=5
E	AudioEffectSpectrumAnalyzer.FFTSize	net.multigesture.kanama.api.AudioEffectSpectrumAnalyzer.FFTSize	enum	SIZE_256=0,SIZE_512=1,SIZE_1024=2,SIZE_2048=3,SIZE_4096=4,MAX=5
E	AudioEffectSpectrumAnalyzerInstance.MagnitudeMode	net.multigesture.kanama.api.AudioEffectSpectrumAnalyzerInstance.MagnitudeMode	enum	AVERAGE=0,MAX=1
E	AudioListener3D.DopplerTracking	net.multigesture.kanama.api.AudioListener3D.DopplerTracking	enum	DISABLED=0,IDLE_STEP=1,PHYSICS_STEP=2
E	AudioServer.PlaybackType	net.multigesture.kanama.api.AudioServer.PlaybackType	enum	DEFAULT=0,STREAM=1,SAMPLE=2,MAX=3
E	AudioServer.SpeakerMode	net.multigesture.kanama.api.AudioServer.SpeakerMode	enum	MODE_STEREO=0,SURROUND_31=1,SURROUND_51=2,SURROUND_71=3
E	AudioStreamGenerator.AudioStreamGeneratorMixRate	net.multigesture.kanama.api.AudioStreamGenerator.AudioStreamGeneratorMixRate	enum	OUTPUT=0,INPUT=1,CUSTOM=2,MAX=3
E	AudioStreamInteractive.AutoAdvanceMode	net.multigesture.kanama.api.AudioStreamInteractive.AutoAdvanceMode	enum	DISABLED=0,ENABLED=1,RETURN_TO_HOLD=2
E	AudioStreamInteractive.FadeMode	net.multigesture.kanama.api.AudioStreamInteractive.FadeMode	enum	DISABLED=0,IN=1,OUT=2,CROSS=3,AUTOMATIC=4
E	AudioStreamInteractive.TransitionFromTime	net.multigesture.kanama.api.AudioStreamInteractive.TransitionFromTime	enum	IMMEDIATE=0,NEXT_BEAT=1,NEXT_BAR=2,END=3
E	AudioStreamInteractive.TransitionToTime	net.multigesture.kanama.api.AudioStreamInteractive.TransitionToTime	enum	SAME_POSITION=0,START=1,PREVIOUS_POSITION=2
E	AudioStreamPlayer.MixTarget	net.multigesture.kanama.api.AudioStreamPlayer.MixTarget	enum	STEREO=0,SURROUND=1,CENTER=2
E	AudioStreamPlayer3D.AttenuationModel	net.multigesture.kanama.api.AudioStreamPlayer3D.AttenuationModel	enum	INVERSE_DISTANCE=0,INVERSE_SQUARE_DISTANCE=1,LOGARITHMIC=2,DISABLED=3
E	AudioStreamPlayer3D.DopplerTracking	net.multigesture.kanama.api.AudioStreamPlayer3D.DopplerTracking	enum	DISABLED=0,IDLE_STEP=1,PHYSICS_STEP=2
E	AudioStreamRandomizer.PlaybackMode	net.multigesture.kanama.api.AudioStreamRandomizer.PlaybackMode	enum	RANDOM_NO_REPEATS=0,RANDOM=1,SEQUENTIAL=2
E	AudioStreamWAV.Format	net.multigesture.kanama.api.AudioStreamWAV.Format	enum	FORMAT_8_BITS=0,FORMAT_16_BITS=1,IMA_ADPCM=2,QOA=3
E	AudioStreamWAV.LoopMode	net.multigesture.kanama.api.AudioStreamWAV.LoopMode	enum	DISABLED=0,FORWARD=1,PINGPONG=2,BACKWARD=3
E	BackBufferCopy.CopyMode	net.multigesture.kanama.api.BackBufferCopy.CopyMode	enum	DISABLED=0,RECT=1,VIEWPORT=2
E	BaseButton.ActionMode	net.multigesture.kanama.api.BaseButton.ActionMode	enum	PRESS=0,RELEASE=1
E	BaseButton.DrawMode	net.multigesture.kanama.api.BaseButton.DrawMode	enum	NORMAL=0,PRESSED=1,HOVER=2,DISABLED=3,HOVER_PRESSED=4
E	BaseMaterial3D.AlphaAntiAliasing	net.multigesture.kanama.api.BaseMaterial3D.AlphaAntiAliasing	enum	OFF=0,ALPHA_TO_COVERAGE=1,ALPHA_TO_COVERAGE_AND_TO_ONE=2
E	BaseMaterial3D.BillboardMode	net.multigesture.kanama.api.BaseMaterial3D.BillboardMode	enum	DISABLED=0,ENABLED=1,FIXED_Y=2,PARTICLES=3
E	BaseMaterial3D.BlendMode	net.multigesture.kanama.api.BaseMaterial3D.BlendMode	enum	MIX=0,ADD=1,SUB=2,MUL=3,PREMULT_ALPHA=4
E	BaseMaterial3D.CullMode	net.multigesture.kanama.api.BaseMaterial3D.CullMode	enum	BACK=0,FRONT=1,DISABLED=2
E	BaseMaterial3D.DepthDrawMode	net.multigesture.kanama.api.BaseMaterial3D.DepthDrawMode	enum	OPAQUE_ONLY=0,ALWAYS=1,DISABLED=2
E	BaseMaterial3D.DepthTest	net.multigesture.kanama.api.BaseMaterial3D.DepthTest	enum	DEFAULT=0,INVERTED=1
E	BaseMaterial3D.DetailUV	net.multigesture.kanama.api.BaseMaterial3D.DetailUV	enum	UV_1=0,UV_2=1
E	BaseMaterial3D.DiffuseMode	net.multigesture.kanama.api.BaseMaterial3D.DiffuseMode	enum	BURLEY=0,LAMBERT=1,LAMBERT_WRAP=2,TOON=3
E	BaseMaterial3D.DistanceFadeMode	net.multigesture.kanama.api.BaseMaterial3D.DistanceFadeMode	enum	DISABLED=0,PIXEL_ALPHA=1,PIXEL_DITHER=2,OBJECT_DITHER=3
E	BaseMaterial3D.EmissionOperator	net.multigesture.kanama.api.BaseMaterial3D.EmissionOperator	enum	ADD=0,MULTIPLY=1
E	BaseMaterial3D.Feature	net.multigesture.kanama.api.BaseMaterial3D.Feature	enum	EMISSION=0,NORMAL_MAPPING=1,RIM=2,CLEARCOAT=3,ANISOTROPY=4,AMBIENT_OCCLUSION=5,HEIGHT_MAPPING=6,SUBSURFACE_SCATTERING=7,SUBSURFACE_TRANSMITTANCE=8,BACKLIGHT=9,REFRACTION=10,DETAIL=11,BENT_NORMAL_MAPPING=12,MAX=13
E	BaseMaterial3D.Flags	net.multigesture.kanama.api.BaseMaterial3D.Flags	enum	DISABLE_DEPTH_TEST=0,ALBEDO_FROM_VERTEX_COLOR=1,SRGB_VERTEX_COLOR=2,USE_POINT_SIZE=3,FIXED_SIZE=4,BILLBOARD_KEEP_SCALE=5,UV1_USE_TRIPLANAR=6,UV2_USE_TRIPLANAR=7,UV1_USE_WORLD_TRIPLANAR=8,UV2_USE_WORLD_TRIPLANAR=9,AO_ON_UV2=10,EMISSION_ON_UV2=11,ALBEDO_TEXTURE_FORCE_SRGB=12,DONT_RECEIVE_SHADOWS=13,DISABLE_AMBIENT_LIGHT=14,USE_SHADOW_TO_OPACITY=15,USE_TEXTURE_REPEAT=16,INVERT_HEIGHTMAP=17,SUBSURFACE_MODE_SKIN=18,PARTICLE_TRAILS_MODE=19,ALBEDO_TEXTURE_MSDF=20,DISABLE_FOG=21,DISABLE_SPECULAR_OCCLUSION=22,USE_Z_CLIP_SCALE=23,USE_FOV_OVERRIDE=24,MAX=25
E	BaseMaterial3D.ShadingMode	net.multigesture.kanama.api.BaseMaterial3D.ShadingMode	enum	UNSHADED=0,PER_PIXEL=1,PER_VERTEX=2,MAX=3
E	BaseMaterial3D.SpecularMode	net.multigesture.kanama.api.BaseMaterial3D.SpecularMode	enum	SCHLICK_GGX=0,TOON=1,DISABLED=2
E	BaseMaterial3D.StencilCompare	net.multigesture.kanama.api.BaseMaterial3D.StencilCompare	enum	ALWAYS=0,LESS=1,EQUAL=2,LESS_OR_EQUAL=3,GREATER=4,NOT_EQUAL=5,GREATER_OR_EQUAL=6
E	BaseMaterial3D.StencilFlags	net.multigesture.kanama.api.BaseMaterial3D.StencilFlags	enum	READ=1,WRITE=2,WRITE_DEPTH_FAIL=4
E	BaseMaterial3D.StencilMode	net.multigesture.kanama.api.BaseMaterial3D.StencilMode	enum	DISABLED=0,OUTLINE=1,XRAY=2,CUSTOM=3
E	BaseMaterial3D.TextureChannel	net.multigesture.kanama.api.BaseMaterial3D.TextureChannel	enum	RED=0,GREEN=1,BLUE=2,ALPHA=3,GRAYSCALE=4
E	BaseMaterial3D.TextureFilter	net.multigesture.kanama.api.BaseMaterial3D.TextureFilter	enum	NEAREST=0,LINEAR=1,NEAREST_WITH_MIPMAPS=2,LINEAR_WITH_MIPMAPS=3,NEAREST_WITH_MIPMAPS_ANISOTROPIC=4,LINEAR_WITH_MIPMAPS_ANISOTROPIC=5,MAX=6
E	BaseMaterial3D.TextureParam	net.multigesture.kanama.api.BaseMaterial3D.TextureParam	enum	ALBEDO=0,METALLIC=1,ROUGHNESS=2,EMISSION=3,NORMAL=4,BENT_NORMAL=18,RIM=5,CLEARCOAT=6,FLOWMAP=7,AMBIENT_OCCLUSION=8,HEIGHTMAP=9,SUBSURFACE_SCATTERING=10,SUBSURFACE_TRANSMITTANCE=11,BACKLIGHT=12,REFRACTION=13,DETAIL_MASK=14,DETAIL_ALBEDO=15,DETAIL_NORMAL=16,ORM=17,MAX=19
E	BaseMaterial3D.Transparency	net.multigesture.kanama.api.BaseMaterial3D.Transparency	enum	DISABLED=0,ALPHA=1,ALPHA_SCISSOR=2,ALPHA_HASH=3,ALPHA_DEPTH_PRE_PASS=4,MAX=5
E	BlitMaterial.BlendMode	net.multigesture.kanama.api.BlitMaterial.BlendMode	enum	MIX=0,ADD=1,SUB=2,MUL=3,DISABLED=4
E	BoneConstraint3D.ReferenceType	net.multigesture.kanama.api.BoneConstraint3D.ReferenceType	enum	BONE=0,NODE=1
E	BoneTwistDisperser3D.DisperseMode	net.multigesture.kanama.api.BoneTwistDisperser3D.DisperseMode	enum	EVEN=0,WEIGHTED=1,CUSTOM=2
E	BoxContainer.AlignmentMode	net.multigesture.kanama.api.BoxContainer.AlignmentMode	enum	BEGIN=0,CENTER=1,END=2
E	CPUParticles2D.DrawOrder	net.multigesture.kanama.api.CPUParticles2D.DrawOrder	enum	INDEX=0,LIFETIME=1
E	CPUParticles2D.EmissionShape	net.multigesture.kanama.api.CPUParticles2D.EmissionShape	enum	POINT=0,SPHERE=1,SPHERE_SURFACE=2,RECTANGLE=3,POINTS=4,DIRECTED_POINTS=5,RING=6,MAX=7
E	CPUParticles2D.Parameter	net.multigesture.kanama.api.CPUParticles2D.Parameter	enum	INITIAL_LINEAR_VELOCITY=0,ANGULAR_VELOCITY=1,ORBIT_VELOCITY=2,LINEAR_ACCEL=3,RADIAL_ACCEL=4,TANGENTIAL_ACCEL=5,DAMPING=6,ANGLE=7,SCALE=8,HUE_VARIATION=9,ANIM_SPEED=10,ANIM_OFFSET=11,MAX=12
E	CPUParticles2D.ParticleFlags	net.multigesture.kanama.api.CPUParticles2D.ParticleFlags	enum	ALIGN_Y_TO_VELOCITY=0,ROTATE_Y=1,DISABLE_Z=2,MAX=3
E	CPUParticles3D.DrawOrder	net.multigesture.kanama.api.CPUParticles3D.DrawOrder	enum	INDEX=0,LIFETIME=1,VIEW_DEPTH=2
E	CPUParticles3D.EmissionShape	net.multigesture.kanama.api.CPUParticles3D.EmissionShape	enum	POINT=0,SPHERE=1,SPHERE_SURFACE=2,BOX=3,POINTS=4,DIRECTED_POINTS=5,RING=6,MAX=7
E	CPUParticles3D.Parameter	net.multigesture.kanama.api.CPUParticles3D.Parameter	enum	INITIAL_LINEAR_VELOCITY=0,ANGULAR_VELOCITY=1,ORBIT_VELOCITY=2,LINEAR_ACCEL=3,RADIAL_ACCEL=4,TANGENTIAL_ACCEL=5,DAMPING=6,ANGLE=7,SCALE=8,HUE_VARIATION=9,ANIM_SPEED=10,ANIM_OFFSET=11,MAX=12
E	CPUParticles3D.ParticleFlags	net.multigesture.kanama.api.CPUParticles3D.ParticleFlags	enum	ALIGN_Y_TO_VELOCITY=0,ROTATE_Y=1,DISABLE_Z=2,MAX=3
E	CSGPolygon3D.Mode	net.multigesture.kanama.api.CSGPolygon3D.Mode	enum	DEPTH=0,SPIN=1,PATH=2
E	CSGPolygon3D.PathIntervalType	net.multigesture.kanama.api.CSGPolygon3D.PathIntervalType	enum	DISTANCE=0,SUBDIVIDE=1
E	CSGPolygon3D.PathRotation	net.multigesture.kanama.api.CSGPolygon3D.PathRotation	enum	POLYGON=0,PATH=1,PATH_FOLLOW=2
E	CSGShape3D.Operation	net.multigesture.kanama.api.CSGShape3D.Operation	enum	UNION=0,INTERSECTION=1,SUBTRACTION=2
E	Camera2D.AnchorMode	net.multigesture.kanama.api.Camera2D.AnchorMode	enum	FIXED_TOP_LEFT=0,DRAG_CENTER=1
E	Camera2D.Camera2DProcessCallback	net.multigesture.kanama.api.Camera2D.Camera2DProcessCallback	enum	PHYSICS=0,IDLE=1
E	Camera3D.DopplerTracking	net.multigesture.kanama.api.Camera3D.DopplerTracking	enum	DISABLED=0,IDLE_STEP=1,PHYSICS_STEP=2
E	Camera3D.KeepAspect	net.multigesture.kanama.api.Camera3D.KeepAspect	enum	WIDTH=0,HEIGHT=1
E	Camera3D.ProjectionType	net.multigesture.kanama.api.Camera3D.ProjectionType	enum	PERSPECTIVE=0,ORTHOGONAL=1,FRUSTUM=2
E	CameraFeed.FeedDataType	net.multigesture.kanama.api.CameraFeed.FeedDataType	enum	NOIMAGE=0,RGB=1,YCBCR=2,YCBCR_SEP=3,EXTERNAL=4
E	CameraFeed.FeedPosition	net.multigesture.kanama.api.CameraFeed.FeedPosition	enum	UNSPECIFIED=0,FRONT=1,BACK=2
E	CameraServer.FeedImage	net.multigesture.kanama.api.CameraServer.FeedImage	enum	RGBA_IMAGE=0,YCBCR_IMAGE=0,Y_IMAGE=0,CBCR_IMAGE=1
E	CanvasItem.ClipChildrenMode	net.multigesture.kanama.api.CanvasItem.ClipChildrenMode	enum	DISABLED=0,ONLY=1,AND_DRAW=2,MAX=3
E	CanvasItem.OversamplingWithScale	net.multigesture.kanama.api.CanvasItem.OversamplingWithScale	enum	PARENT_NODE=0,DISABLED=1,ENABLED=2,MAX=3
E	CanvasItem.TextureFilter	net.multigesture.kanama.api.CanvasItem.TextureFilter	enum	PARENT_NODE=0,NEAREST=1,LINEAR=2,NEAREST_WITH_MIPMAPS=3,LINEAR_WITH_MIPMAPS=4,NEAREST_WITH_MIPMAPS_ANISOTROPIC=5,LINEAR_WITH_MIPMAPS_ANISOTROPIC=6,MAX=7
E	CanvasItem.TextureRepeat	net.multigesture.kanama.api.CanvasItem.TextureRepeat	enum	PARENT_NODE=0,DISABLED=1,ENABLED=2,MIRROR=3,MAX=4
E	CanvasItemMaterial.BlendMode	net.multigesture.kanama.api.CanvasItemMaterial.BlendMode	enum	MIX=0,ADD=1,SUB=2,MUL=3,PREMULT_ALPHA=4
E	CanvasItemMaterial.LightMode	net.multigesture.kanama.api.CanvasItemMaterial.LightMode	enum	NORMAL=0,UNSHADED=1,LIGHT_ONLY=2
E	CharacterBody2D.MotionMode	net.multigesture.kanama.api.CharacterBody2D.MotionMode	enum	GROUNDED=0,FLOATING=1
E	CharacterBody2D.PlatformOnLeave	net.multigesture.kanama.api.CharacterBody2D.PlatformOnLeave	enum	ADD_VELOCITY=0,ADD_UPWARD_VELOCITY=1,DO_NOTHING=2
E	CharacterBody3D.MotionMode	net.multigesture.kanama.api.CharacterBody3D.MotionMode	enum	GROUNDED=0,FLOATING=1
E	CharacterBody3D.PlatformOnLeave	net.multigesture.kanama.api.CharacterBody3D.PlatformOnLeave	enum	ADD_VELOCITY=0,ADD_UPWARD_VELOCITY=1,DO_NOTHING=2
E	ClassDB.APIType	net.multigesture.kanama.api.ClassDB.APIType	enum	CORE=0,EDITOR=1,EXTENSION=2,EDITOR_EXTENSION=3,NONE=4
E	ClockDirection	net.multigesture.kanama.api.ClockDirection	enum	CLOCKWISE=0,COUNTERCLOCKWISE=1
E	CodeEdit.CodeCompletionKind	net.multigesture.kanama.api.CodeEdit.CodeCompletionKind	enum	CLASS=0,FUNCTION=1,SIGNAL=2,VARIABLE=3,MEMBER=4,ENUM=5,CONSTANT=6,NODE_PATH=7,FILE_PATH=8,PLAIN_TEXT=9,KEYWORD=10
E	CodeEdit.CodeCompletionLocation	net.multigesture.kanama.api.CodeEdit.CodeCompletionLocation	enum	LOCAL=0,PARENT_MASK=256,OTHER_USER_CODE=512,OTHER=1024
E	CollisionObject2D.DisableMode	net.multigesture.kanama.api.CollisionObject2D.DisableMode	enum	REMOVE=0,MAKE_STATIC=1,KEEP_ACTIVE=2
E	CollisionObject3D.DisableMode	net.multigesture.kanama.api.CollisionObject3D.DisableMode	enum	REMOVE=0,MAKE_STATIC=1,KEEP_ACTIVE=2
E	CollisionPolygon2D.BuildMode	net.multigesture.kanama.api.CollisionPolygon2D.BuildMode	enum	SOLIDS=0,SEGMENTS=1
E	ColorPicker.ColorModeType	net.multigesture.kanama.api.ColorPicker.ColorModeType	enum	RGB=0,HSV=1,RAW=2,LINEAR=2,OKHSL=3
E	ColorPicker.PickerShapeType	net.multigesture.kanama.api.ColorPicker.PickerShapeType	enum	HSV_RECTANGLE=0,HSV_WHEEL=1,VHS_CIRCLE=2,OKHSL_CIRCLE=3,NONE=4,OK_HS_RECTANGLE=5,OK_HL_RECTANGLE=6
E	CompositorEffect.EffectCallbackType	net.multigesture.kanama.api.CompositorEffect.EffectCallbackType	enum	PRE_OPAQUE=0,POST_OPAQUE=1,POST_SKY=2,PRE_TRANSPARENT=3,POST_TRANSPARENT=4,MAX=5
E	ConeTwistJoint3D.Param	net.multigesture.kanama.api.ConeTwistJoint3D.Param	enum	SWING_SPAN=0,TWIST_SPAN=1,BIAS=2,SOFTNESS=3,RELAXATION=4,MAX=5
E	Control.Anchor	net.multigesture.kanama.api.Control.Anchor	enum	BEGIN=0,END=1
E	Control.CursorShape	net.multigesture.kanama.api.Control.CursorShape	enum	ARROW=0,IBEAM=1,POINTING_HAND=2,CROSS=3,WAIT=4,BUSY=5,DRAG=6,CAN_DROP=7,FORBIDDEN=8,VSIZE=9,HSIZE=10,BDIAGSIZE=11,FDIAGSIZE=12,MOVE=13,VSPLIT=14,HSPLIT=15,HELP=16
E	Control.FocusBehaviorRecursive	net.multigesture.kanama.api.Control.FocusBehaviorRecursive	enum	INHERITED=0,DISABLED=1,ENABLED=2
E	Control.FocusMode	net.multigesture.kanama.api.Control.FocusMode	enum	NONE=0,CLICK=1,ALL=2,ACCESSIBILITY=3
E	Control.GrowDirection	net.multigesture.kanama.api.Control.GrowDirection	enum	BEGIN=0,END=1,BOTH=2
E	Control.LayoutDirection	net.multigesture.kanama.api.Control.LayoutDirection	enum	INHERITED=0,APPLICATION_LOCALE=1,LTR=2,RTL=3,SYSTEM_LOCALE=4,MAX=5,LOCALE=1
E	Control.LayoutPreset	net.multigesture.kanama.api.Control.LayoutPreset	enum	TOP_LEFT=0,TOP_RIGHT=1,BOTTOM_LEFT=2,BOTTOM_RIGHT=3,CENTER_LEFT=4,CENTER_TOP=5,CENTER_RIGHT=6,CENTER_BOTTOM=7,CENTER=8,LEFT_WIDE=9,TOP_WIDE=10,RIGHT_WIDE=11,BOTTOM_WIDE=12,VCENTER_WIDE=13,HCENTER_WIDE=14,FULL_RECT=15
E	Control.LayoutPresetMode	net.multigesture.kanama.api.Control.LayoutPresetMode	enum	MINSIZE=0,KEEP_WIDTH=1,KEEP_HEIGHT=2,KEEP_SIZE=3
E	Control.MouseBehaviorRecursive	net.multigesture.kanama.api.Control.MouseBehaviorRecursive	enum	INHERITED=0,DISABLED=1,ENABLED=2
E	Control.MouseFilter	net.multigesture.kanama.api.Control.MouseFilter	enum	STOP=0,PASS=1,IGNORE=2
E	Control.SizeFlags	net.multigesture.kanama.api.Control.SizeFlags	bitfield	SHRINK_BEGIN=0,FILL=1,EXPAND=2,EXPAND_FILL=3,SHRINK_CENTER=4,SHRINK_END=8
E	Control.TextDirection	net.multigesture.kanama.api.Control.TextDirection	enum	INHERITED=3,AUTO=0,LTR=1,RTL=2
E	ConvertTransformModifier3D.TransformMode	net.multigesture.kanama.api.ConvertTransformModifier3D.TransformMode	enum	POSITION=0,ROTATION=1,SCALE=2
E	CopyTransformModifier3D.AxisFlag	net.multigesture.kanama.api.CopyTransformModifier3D.AxisFlag	bitfield	X=1,Y=2,Z=4,ALL=7
E	CopyTransformModifier3D.TransformFlag	net.multigesture.kanama.api.CopyTransformModifier3D.TransformFlag	bitfield	POSITION=1,ROTATION=2,SCALE=4,ALL=7
E	Corner	net.multigesture.kanama.api.Corner	enum	TOP_LEFT=0,TOP_RIGHT=1,BOTTOM_RIGHT=2,BOTTOM_LEFT=3
E	Curve.TangentMode	net.multigesture.kanama.api.Curve.TangentMode	enum	FREE=0,LINEAR=1,MODE_COUNT=2
E	CurveTexture.TextureMode	net.multigesture.kanama.api.CurveTexture.TextureMode	enum	RGB=0,RED=1
E	Decal.DecalTexture	net.multigesture.kanama.api.Decal.DecalTexture	enum	ALBEDO=0,NORMAL=1,ORM=2,EMISSION=3,MAX=4
E	DirectionalLight3D.ShadowMode	net.multigesture.kanama.api.DirectionalLight3D.ShadowMode	enum	ORTHOGONAL=0,PARALLEL_2_SPLITS=1,PARALLEL_4_SPLITS=2
E	DirectionalLight3D.SkyMode	net.multigesture.kanama.api.DirectionalLight3D.SkyMode	enum	LIGHT_AND_SKY=0,LIGHT_ONLY=1,SKY_ONLY=2
E	DisplayServer.AccessibilityAction	net.multigesture.kanama.api.DisplayServer.AccessibilityAction	enum	CLICK=0,FOCUS=1,BLUR=2,COLLAPSE=3,EXPAND=4,DECREMENT=5,INCREMENT=6,HIDE_TOOLTIP=7,SHOW_TOOLTIP=8,SET_TEXT_SELECTION=9,REPLACE_SELECTED_TEXT=10,SCROLL_BACKWARD=11,SCROLL_DOWN=12,SCROLL_FORWARD=13,SCROLL_LEFT=14,SCROLL_RIGHT=15,SCROLL_UP=16,SCROLL_INTO_VIEW=17,SCROLL_TO_POINT=18,SET_SCROLL_OFFSET=19,SET_VALUE=20,SHOW_CONTEXT_MENU=21,CUSTOM=22
E	DisplayServer.AccessibilityFlags	net.multigesture.kanama.api.DisplayServer.AccessibilityFlags	enum	HIDDEN=0,MULTISELECTABLE=1,REQUIRED=2,VISITED=3,BUSY=4,MODAL=5,TOUCH_PASSTHROUGH=6,READONLY=7,DISABLED=8,CLIPS_CHILDREN=9
E	DisplayServer.AccessibilityLiveMode	net.multigesture.kanama.api.DisplayServer.AccessibilityLiveMode	enum	OFF=0,POLITE=1,ASSERTIVE=2
E	DisplayServer.AccessibilityPopupType	net.multigesture.kanama.api.DisplayServer.AccessibilityPopupType	enum	MENU=0,LIST=1,TREE=2,DIALOG=3
E	DisplayServer.AccessibilityRole	net.multigesture.kanama.api.DisplayServer.AccessibilityRole	enum	UNKNOWN=0,DEFAULT_BUTTON=1,AUDIO=2,VIDEO=3,STATIC_TEXT=4,CONTAINER=5,PANEL=6,BUTTON=7,LINK=8,CHECK_BOX=9,RADIO_BUTTON=10,CHECK_BUTTON=11,SCROLL_BAR=12,SCROLL_VIEW=13,SPLITTER=14,SLIDER=15,SPIN_BUTTON=16,PROGRESS_INDICATOR=17,TEXT_FIELD=18,MULTILINE_TEXT_FIELD=19,COLOR_PICKER=20,TABLE=21,CELL=22,ROW=23,ROW_GROUP=24,ROW_HEADER=25,COLUMN_HEADER=26,TREE=27,TREE_ITEM=28,LIST=29,LIST_ITEM=30,LIST_BOX=31,LIST_BOX_OPTION=32,TAB_BAR=33,TAB=34,TAB_PANEL=35,MENU_BAR=36,MENU=37,MENU_ITEM=38,MENU_ITEM_CHECK_BOX=39,MENU_ITEM_RADIO=40,IMAGE=41,WINDOW=42,TITLE_BAR=43,DIALOG=44,TOOLTIP=45,REGION=46,TEXT_RUN=47
E	DisplayServer.AccessibilityScrollHint	net.multigesture.kanama.api.DisplayServer.AccessibilityScrollHint	enum	TOP_LEFT=0,BOTTOM_RIGHT=1,TOP_EDGE=2,BOTTOM_EDGE=3,LEFT_EDGE=4,RIGHT_EDGE=5
E	DisplayServer.AccessibilityScrollUnit	net.multigesture.kanama.api.DisplayServer.AccessibilityScrollUnit	enum	ITEM=0,PAGE=1
E	DisplayServer.CursorShape	net.multigesture.kanama.api.DisplayServer.CursorShape	enum	ARROW=0,IBEAM=1,POINTING_HAND=2,CROSS=3,WAIT=4,BUSY=5,DRAG=6,CAN_DROP=7,FORBIDDEN=8,VSIZE=9,HSIZE=10,BDIAGSIZE=11,FDIAGSIZE=12,MOVE=13,VSPLIT=14,HSPLIT=15,HELP=16,MAX=17
E	DisplayServer.Feature	net.multigesture.kanama.api.DisplayServer.Feature	enum	GLOBAL_MENU=0,SUBWINDOWS=1,TOUCHSCREEN=2,MOUSE=3,MOUSE_WARP=4,CLIPBOARD=5,VIRTUAL_KEYBOARD=6,CURSOR_SHAPE=7,CUSTOM_CURSOR_SHAPE=8,NATIVE_DIALOG=9,IME=10,WINDOW_TRANSPARENCY=11,HIDPI=12,ICON=13,NATIVE_ICON=14,ORIENTATION=15,SWAP_BUFFERS=16,CLIPBOARD_PRIMARY=18,TEXT_TO_SPEECH=19,EXTEND_TO_TITLE=20,SCREEN_CAPTURE=21,STATUS_INDICATOR=22,NATIVE_HELP=23,NATIVE_DIALOG_INPUT=24,NATIVE_DIALOG_FILE=25,NATIVE_DIALOG_FILE_EXTRA=26,WINDOW_DRAG=27,SCREEN_EXCLUDE_FROM_CAPTURE=28,WINDOW_EMBEDDING=29,NATIVE_DIALOG_FILE_MIME=30,EMOJI_AND_SYMBOL_PICKER=31,NATIVE_COLOR_PICKER=32,SELF_FITTING_WINDOWS=33,ACCESSIBILITY_SCREEN_READER=34,HDR_OUTPUT=35,PIP_MODE=36
E	DisplayServer.FileDialogMode	net.multigesture.kanama.api.DisplayServer.FileDialogMode	enum	OPEN_FILE=0,OPEN_FILES=1,OPEN_DIR=2,OPEN_ANY=3,SAVE_FILE=4
E	DisplayServer.HandleType	net.multigesture.kanama.api.DisplayServer.HandleType	enum	DISPLAY_HANDLE=0,WINDOW_HANDLE=1,WINDOW_VIEW=2,OPENGL_CONTEXT=3,EGL_DISPLAY=4,EGL_CONFIG=5,GLX_VISUALID=6,GLX_FBCONFIG=7
E	DisplayServer.MouseMode	net.multigesture.kanama.api.DisplayServer.MouseMode	enum	VISIBLE=0,HIDDEN=1,CAPTURED=2,CONFINED=3,CONFINED_HIDDEN=4,MAX=5
E	DisplayServer.ProgressState	net.multigesture.kanama.api.DisplayServer.ProgressState	enum	NOPROGRESS=0,INDETERMINATE=1,NORMAL=2,ERROR=3,PAUSED=4
E	DisplayServer.ScreenOrientation	net.multigesture.kanama.api.DisplayServer.ScreenOrientation	enum	LANDSCAPE=0,PORTRAIT=1,REVERSE_LANDSCAPE=2,REVERSE_PORTRAIT=3,SENSOR_LANDSCAPE=4,SENSOR_PORTRAIT=5,SENSOR=6
E	DisplayServer.TTSUtteranceEvent	net.multigesture.kanama.api.DisplayServer.TTSUtteranceEvent	enum	STARTED=0,ENDED=1,CANCELED=2,BOUNDARY=3
E	DisplayServer.VSyncMode	net.multigesture.kanama.api.DisplayServer.VSyncMode	enum	DISABLED=0,ENABLED=1,ADAPTIVE=2,MAILBOX=3
E	DisplayServer.VirtualKeyboardType	net.multigesture.kanama.api.DisplayServer.VirtualKeyboardType	enum	DEFAULT=0,MULTILINE=1,NUMBER=2,NUMBER_DECIMAL=3,PHONE=4,EMAIL_ADDRESS=5,PASSWORD=6,URL=7
E	DisplayServer.WindowEvent	net.multigesture.kanama.api.DisplayServer.WindowEvent	enum	MOUSE_ENTER=0,MOUSE_EXIT=1,FOCUS_IN=2,FOCUS_OUT=3,CLOSE_REQUEST=4,GO_BACK_REQUEST=5,DPI_CHANGE=6,TITLEBAR_CHANGE=7,FORCE_CLOSE=8,OUTPUT_MAX_LINEAR_VALUE_CHANGED=9
E	DisplayServer.WindowFlags	net.multigesture.kanama.api.DisplayServer.WindowFlags	enum	RESIZE_DISABLED=0,BORDERLESS=1,ALWAYS_ON_TOP=2,TRANSPARENT=3,NO_FOCUS=4,POPUP=5,EXTEND_TO_TITLE=6,MOUSE_PASSTHROUGH=7,SHARP_CORNERS=8,EXCLUDE_FROM_CAPTURE=9,POPUP_WM_HINT=10,MINIMIZE_DISABLED=11,MAXIMIZE_DISABLED=12,MAX=13
E	DisplayServer.WindowMode	net.multigesture.kanama.api.DisplayServer.WindowMode	enum	WINDOWED=0,MINIMIZED=1,MAXIMIZED=2,FULLSCREEN=3,EXCLUSIVE_FULLSCREEN=4
E	DisplayServer.WindowResizeEdge	net.multigesture.kanama.api.DisplayServer.WindowResizeEdge	enum	TOP_LEFT=0,TOP=1,TOP_RIGHT=2,LEFT=3,RIGHT=4,BOTTOM_LEFT=5,BOTTOM=6,BOTTOM_RIGHT=7,MAX=8
E	DrawableTexture2D.DrawableFormat	net.multigesture.kanama.api.DrawableTexture2D.DrawableFormat	enum	RGBA8=0,RGBA8_SRGB=1,RGBAH=2,RGBAF=3
E	ENetConnection.CompressionMode	net.multigesture.kanama.api.ENetConnection.CompressionMode	enum	NONE=0,RANGE_CODER=1,FASTLZ=2,ZLIB=3,ZSTD=4
E	ENetConnection.EventType	net.multigesture.kanama.api.ENetConnection.EventType	enum	ERROR=-1,NONE=0,CONNECT=1,DISCONNECT=2,RECEIVE=3
E	ENetConnection.HostStatistic	net.multigesture.kanama.api.ENetConnection.HostStatistic	enum	SENT_DATA=0,SENT_PACKETS=1,RECEIVED_DATA=2,RECEIVED_PACKETS=3
E	ENetPacketPeer.PeerState	net.multigesture.kanama.api.ENetPacketPeer.PeerState	enum	DISCONNECTED=0,CONNECTING=1,ACKNOWLEDGING_CONNECT=2,CONNECTION_PENDING=3,CONNECTION_SUCCEEDED=4,CONNECTED=5,DISCONNECT_LATER=6,DISCONNECTING=7,ACKNOWLEDGING_DISCONNECT=8,ZOMBIE=9
E	ENetPacketPeer.PeerStatistic	net.multigesture.kanama.api.ENetPacketPeer.PeerStatistic	enum	PACKET_LOSS=0,PACKET_LOSS_VARIANCE=1,PACKET_LOSS_EPOCH=2,ROUND_TRIP_TIME=3,ROUND_TRIP_TIME_VARIANCE=4,LAST_ROUND_TRIP_TIME=5,LAST_ROUND_TRIP_TIME_VARIANCE=6,PACKET_THROTTLE=7,PACKET_THROTTLE_LIMIT=8,PACKET_THROTTLE_COUNTER=9,PACKET_THROTTLE_EPOCH=10,PACKET_THROTTLE_ACCELERATION=11,PACKET_THROTTLE_DECELERATION=12,PACKET_THROTTLE_INTERVAL=13
E	EditorContextMenuPlugin.ContextMenuSlot	net.multigesture.kanama.api.EditorContextMenuPlugin.ContextMenuSlot	enum	SCENE_TREE=0,FILESYSTEM=1,SCRIPT_EDITOR=2,FILESYSTEM_CREATE=3,SCRIPT_EDITOR_CODE=4,SCENE_TABS=5,SLOT_2D_EDITOR=6,INSPECTOR_PROPERTY=7
E	EditorDock.DockLayout	net.multigesture.kanama.api.EditorDock.DockLayout	bitfield	VERTICAL=1,HORIZONTAL=2,FLOATING=4,ALL=7
E	EditorDock.DockSlot	net.multigesture.kanama.api.EditorDock.DockSlot	enum	NONE=-1,LEFT_UL=0,LEFT_BL=1,LEFT_UR=2,LEFT_BR=3,RIGHT_UL=4,RIGHT_BL=5,RIGHT_UR=6,RIGHT_BR=7,BOTTOM=8,BOTTOM_L=9,BOTTOM_R=10,MAX=11
E	EditorExportPlatform.DebugFlags	net.multigesture.kanama.api.EditorExportPlatform.DebugFlags	bitfield	DUMB_CLIENT=1,REMOTE_DEBUG=2,REMOTE_DEBUG_LOCALHOST=4,VIEW_COLLISIONS=8,VIEW_NAVIGATION=16
E	EditorExportPlatform.ExportMessageType	net.multigesture.kanama.api.EditorExportPlatform.ExportMessageType	enum	NONE=0,INFO=1,WARNING=2,ERROR=3
E	EditorExportPreset.ExportFilter	net.multigesture.kanama.api.EditorExportPreset.ExportFilter	enum	EXPORT_ALL_RESOURCES=0,EXPORT_SELECTED_SCENES=1,EXPORT_SELECTED_RESOURCES=2,EXCLUDE_SELECTED_RESOURCES=3,EXPORT_CUSTOMIZED=4
E	EditorExportPreset.FileExportMode	net.multigesture.kanama.api.EditorExportPreset.FileExportMode	enum	NOT_CUSTOMIZED=0,STRIP=1,KEEP=2,REMOVE=3
E	EditorExportPreset.ScriptExportMode	net.multigesture.kanama.api.EditorExportPreset.ScriptExportMode	enum	TEXT=0,BINARY_TOKENS=1,BINARY_TOKENS_COMPRESSED=2
E	EditorFeatureProfile.Feature	net.multigesture.kanama.api.EditorFeatureProfile.Feature	enum	FEATURE_3D=0,SCRIPT=1,ASSET_LIB=2,SCENE_TREE=3,NODE_DOCK=4,FILESYSTEM_DOCK=5,IMPORT_DOCK=6,HISTORY_DOCK=7,GAME=8,SIGNALS_DOCK=9,GROUPS_DOCK=10,MAX=11
E	EditorPlugin.AfterGUIInput	net.multigesture.kanama.api.EditorPlugin.AfterGUIInput	enum	PASS=0,STOP=1,CUSTOM=2
E	EditorPlugin.CustomControlContainer	net.multigesture.kanama.api.EditorPlugin.CustomControlContainer	enum	TOOLBAR=0,SPATIAL_EDITOR_MENU=1,SPATIAL_EDITOR_SIDE_LEFT=2,SPATIAL_EDITOR_SIDE_RIGHT=3,SPATIAL_EDITOR_BOTTOM=4,CANVAS_EDITOR_MENU=5,CANVAS_EDITOR_SIDE_LEFT=6,CANVAS_EDITOR_SIDE_RIGHT=7,CANVAS_EDITOR_BOTTOM=8,INSPECTOR_BOTTOM=9,PROJECT_SETTING_TAB_LEFT=10,PROJECT_SETTING_TAB_RIGHT=11
E	EditorPlugin.DockSlot	net.multigesture.kanama.api.EditorPlugin.DockSlot	enum	NONE=-1,LEFT_UL=0,LEFT_BL=1,LEFT_UR=2,LEFT_BR=3,RIGHT_UL=4,RIGHT_BL=5,RIGHT_UR=6,RIGHT_BR=7,BOTTOM=8,MAX=9
E	EditorSceneFormatImporter.ImportFlags	net.multigesture.kanama.api.EditorSceneFormatImporter.ImportFlags	bitfield	SCENE=1,ANIMATION=2,FAIL_ON_MISSING_DEPENDENCIES=4,GENERATE_TANGENT_ARRAYS=8,USE_NAMED_SKIN_BINDS=16,DISCARD_MESHES_AND_MATERIALS=32,FORCE_DISABLE_MESH_COMPRESSION=64
E	EditorScenePostImportPlugin.InternalImportCategory	net.multigesture.kanama.api.EditorScenePostImportPlugin.InternalImportCategory	enum	NODE=0,MESH_3D_NODE=1,MESH=2,MATERIAL=3,ANIMATION=4,ANIMATION_NODE=5,SKELETON_3D_NODE=6,MAX=7
E	EditorSpinSlider.ControlState	net.multigesture.kanama.api.EditorSpinSlider.ControlState	enum	DEFAULT=0,PREFER_SLIDER=1,HIDE=2
E	EditorToaster.Severity	net.multigesture.kanama.api.EditorToaster.Severity	enum	INFO=0,WARNING=1,ERROR=2
E	EditorUndoRedoManager.SpecialHistory	net.multigesture.kanama.api.EditorUndoRedoManager.SpecialHistory	enum	GLOBAL_HISTORY=0,REMOTE_HISTORY=-9,INVALID_HISTORY=-99
E	EditorVCSInterface.ChangeType	net.multigesture.kanama.api.EditorVCSInterface.ChangeType	enum	NEW=0,MODIFIED=1,RENAMED=2,DELETED=3,TYPECHANGE=4,UNMERGED=5
E	EditorVCSInterface.TreeArea	net.multigesture.kanama.api.EditorVCSInterface.TreeArea	enum	COMMIT=0,STAGED=1,UNSTAGED=2
E	Environment.AmbientSource	net.multigesture.kanama.api.Environment.AmbientSource	enum	BG=0,DISABLED=1,COLOR=2,SKY=3
E	Environment.BGMode	net.multigesture.kanama.api.Environment.BGMode	enum	CLEAR_COLOR=0,COLOR=1,SKY=2,CANVAS=3,KEEP=4,CAMERA_FEED=5,MAX=6
E	Environment.FogMode	net.multigesture.kanama.api.Environment.FogMode	enum	EXPONENTIAL=0,DEPTH=1
E	Environment.GlowBlendMode	net.multigesture.kanama.api.Environment.GlowBlendMode	enum	ADDITIVE=0,SCREEN=1,SOFTLIGHT=2,REPLACE=3,MIX=4
E	Environment.ReflectionSource	net.multigesture.kanama.api.Environment.ReflectionSource	enum	BG=0,DISABLED=1,SKY=2
E	Environment.SDFGIYScale	net.multigesture.kanama.api.Environment.SDFGIYScale	enum	SCALE_50_PERCENT=0,SCALE_75_PERCENT=1,SCALE_100_PERCENT=2
E	Environment.ToneMapper	net.multigesture.kanama.api.Environment.ToneMapper	enum	LINEAR=0,REINHARDT=1,FILMIC=2,ACES=3,AGX=4
E	Error	net.multigesture.kanama.api.GodotError	enum	OK=0,FAILED=1,ERR_UNAVAILABLE=2,ERR_UNCONFIGURED=3,ERR_UNAUTHORIZED=4,ERR_PARAMETER_RANGE_ERROR=5,ERR_OUT_OF_MEMORY=6,ERR_FILE_NOT_FOUND=7,ERR_FILE_BAD_DRIVE=8,ERR_FILE_BAD_PATH=9,ERR_FILE_NO_PERMISSION=10,ERR_FILE_ALREADY_IN_USE=11,ERR_FILE_CANT_OPEN=12,ERR_FILE_CANT_WRITE=13,ERR_FILE_CANT_READ=14,ERR_FILE_UNRECOGNIZED=15,ERR_FILE_CORRUPT=16,ERR_FILE_MISSING_DEPENDENCIES=17,ERR_FILE_EOF=18,ERR_CANT_OPEN=19,ERR_CANT_CREATE=20,ERR_QUERY_FAILED=21,ERR_ALREADY_IN_USE=22,ERR_LOCKED=23,ERR_TIMEOUT=24,ERR_CANT_CONNECT=25,ERR_CANT_RESOLVE=26,ERR_CONNECTION_ERROR=27,ERR_CANT_ACQUIRE_RESOURCE=28,ERR_CANT_FORK=29,ERR_INVALID_DATA=30,ERR_INVALID_PARAMETER=31,ERR_ALREADY_EXISTS=32,ERR_DOES_NOT_EXIST=33,ERR_DATABASE_CANT_READ=34,ERR_DATABASE_CANT_WRITE=35,ERR_COMPILATION_FAILED=36,ERR_METHOD_NOT_FOUND=37,ERR_LINK_FAILED=38,ERR_SCRIPT_FAILED=39,ERR_CYCLIC_LINK=40,ERR_INVALID_DECLARATION=41,ERR_DUPLICATE_SYMBOL=42,ERR_PARSE_ERROR=43,ERR_BUSY=44,ERR_SKIP=45,ERR_HELP=46,ERR_BUG=47,ERR_PRINTER_ON_FIRE=48
E	EulerOrder	net.multigesture.kanama.api.EulerOrder	enum	XYZ=0,XZY=1,YXZ=2,YZX=3,ZXY=4,ZYX=5
E	FastNoiseLite.CellularDistanceFunction	net.multigesture.kanama.api.FastNoiseLite.CellularDistanceFunction	enum	EUCLIDEAN=0,EUCLIDEAN_SQUARED=1,MANHATTAN=2,HYBRID=3
E	FastNoiseLite.CellularReturnType	net.multigesture.kanama.api.FastNoiseLite.CellularReturnType	enum	CELL_VALUE=0,DISTANCE=1,DISTANCE2=2,DISTANCE2_ADD=3,DISTANCE2_SUB=4,DISTANCE2_MUL=5,DISTANCE2_DIV=6
E	FastNoiseLite.DomainWarpFractalType	net.multigesture.kanama.api.FastNoiseLite.DomainWarpFractalType	enum	NONE=0,PROGRESSIVE=1,INDEPENDENT=2
E	FastNoiseLite.DomainWarpType	net.multigesture.kanama.api.FastNoiseLite.DomainWarpType	enum	SIMPLEX=0,SIMPLEX_REDUCED=1,BASIC_GRID=2
E	FastNoiseLite.FractalType	net.multigesture.kanama.api.FastNoiseLite.FractalType	enum	NONE=0,FBM=1,RIDGED=2,PING_PONG=3
E	FastNoiseLite.NoiseType	net.multigesture.kanama.api.FastNoiseLite.NoiseType	enum	VALUE=5,VALUE_CUBIC=4,PERLIN=3,CELLULAR=2,SIMPLEX=0,SIMPLEX_SMOOTH=1
E	FileAccess.CompressionMode	net.multigesture.kanama.api.FileAccess.CompressionMode	enum	FASTLZ=0,DEFLATE=1,ZSTD=2,GZIP=3,BROTLI=4
E	FileAccess.ModeFlags	net.multigesture.kanama.api.FileAccess.ModeFlags	enum	READ=1,WRITE=2,READ_WRITE=3,WRITE_READ=7
E	FileAccess.UnixPermissionFlags	net.multigesture.kanama.api.FileAccess.UnixPermissionFlags	bitfield	READ_OWNER=256,WRITE_OWNER=128,EXECUTE_OWNER=64,READ_GROUP=32,WRITE_GROUP=16,EXECUTE_GROUP=8,READ_OTHER=4,WRITE_OTHER=2,EXECUTE_OTHER=1,SET_USER_ID=2048,SET_GROUP_ID=1024,RESTRICTED_DELETE=512
E	FileDialog.Access	net.multigesture.kanama.api.FileDialog.Access	enum	RESOURCES=0,USERDATA=1,FILESYSTEM=2
E	FileDialog.Customization	net.multigesture.kanama.api.FileDialog.Customization	enum	HIDDEN_FILES=0,CREATE_FOLDER=1,FILE_FILTER=2,FILE_SORT=3,FAVORITES=4,RECENT=5,LAYOUT=6,OVERWRITE_WARNING=7,DELETE=8
E	FileDialog.DisplayMode	net.multigesture.kanama.api.FileDialog.DisplayMode	enum	THUMBNAILS=0,LIST=1
E	FileDialog.FileMode	net.multigesture.kanama.api.FileDialog.FileMode	enum	OPEN_FILE=0,OPEN_FILES=1,OPEN_DIR=2,OPEN_ANY=3,SAVE_FILE=4
E	FlowContainer.AlignmentMode	net.multigesture.kanama.api.FlowContainer.AlignmentMode	enum	BEGIN=0,CENTER=1,END=2
E	FlowContainer.LastWrapAlignmentMode	net.multigesture.kanama.api.FlowContainer.LastWrapAlignmentMode	enum	INHERIT=0,BEGIN=1,CENTER=2,END=3
E	FoldableContainer.TitlePosition	net.multigesture.kanama.api.FoldableContainer.TitlePosition	enum	TOP=0,BOTTOM=1
E	GDExtension.InitializationLevel	net.multigesture.kanama.api.GDExtension.InitializationLevel	enum	CORE=0,SERVERS=1,SCENE=2,EDITOR=3
E	GDExtensionManager.LoadStatus	net.multigesture.kanama.api.GDExtensionManager.LoadStatus	enum	OK=0,FAILED=1,ALREADY_LOADED=2,NOT_LOADED=3,NEEDS_RESTART=4
E	GLTFAccessor.GLTFAccessorType	net.multigesture.kanama.api.GLTFAccessor.GLTFAccessorType	enum	SCALAR=0,VEC2=1,VEC3=2,VEC4=3,MAT2=4,MAT3=5,MAT4=6
E	GLTFAccessor.GLTFComponentType	net.multigesture.kanama.api.GLTFAccessor.GLTFComponentType	enum	NONE=0,SIGNED_BYTE=5120,UNSIGNED_BYTE=5121,SIGNED_SHORT=5122,UNSIGNED_SHORT=5123,SIGNED_INT=5124,UNSIGNED_INT=5125,SINGLE_FLOAT=5126,DOUBLE_FLOAT=5130,HALF_FLOAT=5131,SIGNED_LONG=5134,UNSIGNED_LONG=5135
E	GLTFDocument.ImportFlags	net.multigesture.kanama.api.GLTFDocument.ImportFlags	bitfield	GENERATE_TANGENT_ARRAYS=8,USE_NAMED_SKIN_BINDS=16,DISCARD_MESHES_AND_MATERIALS=32,FORCE_DISABLE_MESH_COMPRESSION=64
E	GLTFDocument.RootNodeMode	net.multigesture.kanama.api.GLTFDocument.RootNodeMode	enum	SINGLE_ROOT=0,KEEP_ROOT=1,MULTI_ROOT=2
E	GLTFDocument.TextureMapMode	net.multigesture.kanama.api.GLTFDocument.TextureMapMode	enum	DO_NOT_REMAP=0,REMAP_TO_STANDARD_MATERIAL=1
E	GLTFDocument.VisibilityMode	net.multigesture.kanama.api.GLTFDocument.VisibilityMode	enum	INCLUDE_REQUIRED=0,INCLUDE_OPTIONAL=1,EXCLUDE=2
E	GLTFObjectModelProperty.GLTFObjectModelType	net.multigesture.kanama.api.GLTFObjectModelProperty.GLTFObjectModelType	enum	UNKNOWN=0,BOOL=1,FLOAT=2,FLOAT_ARRAY=3,FLOAT2=4,FLOAT3=5,FLOAT4=6,FLOAT2X2=7,FLOAT3X3=8,FLOAT4X4=9,INT=10
E	GLTFState.HandleBinaryImageMode	net.multigesture.kanama.api.GLTFState.HandleBinaryImageMode	enum	DISCARD_TEXTURES=0,EXTRACT_TEXTURES=1,EMBED_AS_BASISU=2,EMBED_AS_UNCOMPRESSED=3
E	GPUParticles2D.DrawOrder	net.multigesture.kanama.api.GPUParticles2D.DrawOrder	enum	INDEX=0,LIFETIME=1,REVERSE_LIFETIME=2
E	GPUParticles2D.EmitFlags	net.multigesture.kanama.api.GPUParticles2D.EmitFlags	enum	POSITION=1,ROTATION_SCALE=2,VELOCITY=4,COLOR=8,CUSTOM=16
E	GPUParticles3D.DrawOrder	net.multigesture.kanama.api.GPUParticles3D.DrawOrder	enum	INDEX=0,LIFETIME=1,REVERSE_LIFETIME=2,VIEW_DEPTH=3
E	GPUParticles3D.EmitFlags	net.multigesture.kanama.api.GPUParticles3D.EmitFlags	enum	POSITION=1,ROTATION_SCALE=2,VELOCITY=4,COLOR=8,CUSTOM=16
E	GPUParticles3D.TransformAlign	net.multigesture.kanama.api.GPUParticles3D.TransformAlign	enum	DISABLED=0,Z_BILLBOARD=1,Y_TO_VELOCITY=2,Z_BILLBOARD_Y_TO_VELOCITY=3,LOCAL_BILLBOARD=4
E	GPUParticlesCollisionHeightField3D.Resolution	net.multigesture.kanama.api.GPUParticlesCollisionHeightField3D.Resolution	enum	RESOLUTION_256=0,RESOLUTION_512=1,RESOLUTION_1024=2,RESOLUTION_2048=3,RESOLUTION_4096=4,RESOLUTION_8192=5,MAX=6
E	GPUParticlesCollisionHeightField3D.UpdateMode	net.multigesture.kanama.api.GPUParticlesCollisionHeightField3D.UpdateMode	enum	WHEN_MOVED=0,ALWAYS=1
E	GPUParticlesCollisionSDF3D.Resolution	net.multigesture.kanama.api.GPUParticlesCollisionSDF3D.Resolution	enum	RESOLUTION_16=0,RESOLUTION_32=1,RESOLUTION_64=2,RESOLUTION_128=3,RESOLUTION_256=4,RESOLUTION_512=5,MAX=6
E	Generic6DOFJoint3D.Flag	net.multigesture.kanama.api.Generic6DOFJoint3D.Flag	enum	ENABLE_LINEAR_LIMIT=0,ENABLE_ANGULAR_LIMIT=1,ENABLE_LINEAR_SPRING=3,ENABLE_ANGULAR_SPRING=2,ENABLE_MOTOR=4,ENABLE_LINEAR_MOTOR=5,MAX=6
E	Generic6DOFJoint3D.Param	net.multigesture.kanama.api.Generic6DOFJoint3D.Param	enum	LINEAR_LOWER_LIMIT=0,LINEAR_UPPER_LIMIT=1,LINEAR_LIMIT_SOFTNESS=2,LINEAR_RESTITUTION=3,LINEAR_DAMPING=4,LINEAR_MOTOR_TARGET_VELOCITY=5,LINEAR_MOTOR_FORCE_LIMIT=6,LINEAR_SPRING_STIFFNESS=7,LINEAR_SPRING_DAMPING=8,LINEAR_SPRING_EQUILIBRIUM_POINT=9,ANGULAR_LOWER_LIMIT=10,ANGULAR_UPPER_LIMIT=11,ANGULAR_LIMIT_SOFTNESS=12,ANGULAR_DAMPING=13,ANGULAR_RESTITUTION=14,ANGULAR_FORCE_LIMIT=15,ANGULAR_ERP=16,ANGULAR_MOTOR_TARGET_VELOCITY=17,ANGULAR_MOTOR_FORCE_LIMIT=18,ANGULAR_SPRING_STIFFNESS=19,ANGULAR_SPRING_DAMPING=20,ANGULAR_SPRING_EQUILIBRIUM_POINT=21,MAX=22
E	Geometry2D.PolyBooleanOperation	net.multigesture.kanama.api.Geometry2D.PolyBooleanOperation	enum	UNION=0,DIFFERENCE=1,INTERSECTION=2,XOR=3
E	Geometry2D.PolyEndType	net.multigesture.kanama.api.Geometry2D.PolyEndType	enum	POLYGON=0,JOINED=1,BUTT=2,SQUARE=3,ROUND=4
E	Geometry2D.PolyJoinType	net.multigesture.kanama.api.Geometry2D.PolyJoinType	enum	SQUARE=0,ROUND=1,MITER=2
E	GeometryInstance3D.GIMode	net.multigesture.kanama.api.GeometryInstance3D.GIMode	enum	DISABLED=0,STATIC=1,DYNAMIC=2
E	GeometryInstance3D.LightmapScale	net.multigesture.kanama.api.GeometryInstance3D.LightmapScale	enum	SCALE_1X=0,SCALE_2X=1,SCALE_4X=2,SCALE_8X=3,MAX=4
E	GeometryInstance3D.ShadowCastingSetting	net.multigesture.kanama.api.GeometryInstance3D.ShadowCastingSetting	enum	OFF=0,ON=1,DOUBLE_SIDED=2,SHADOWS_ONLY=3
E	GeometryInstance3D.VisibilityRangeFadeMode	net.multigesture.kanama.api.GeometryInstance3D.VisibilityRangeFadeMode	enum	DISABLED=0,SELF=1,DEPENDENCIES=2
E	Gradient.ColorSpace	net.multigesture.kanama.api.Gradient.ColorSpace	enum	SRGB=0,LINEAR_SRGB=1,OKLAB=2
E	Gradient.InterpolationMode	net.multigesture.kanama.api.Gradient.InterpolationMode	enum	LINEAR=0,CONSTANT=1,CUBIC=2
E	GradientTexture2D.Fill	net.multigesture.kanama.api.GradientTexture2D.Fill	enum	LINEAR=0,RADIAL=1,SQUARE=2,CONIC=3
E	GradientTexture2D.Repeat	net.multigesture.kanama.api.GradientTexture2D.Repeat	enum	NONE=0,REPEAT=1,MIRROR=2
E	GraphEdit.GridPattern	net.multigesture.kanama.api.GraphEdit.GridPattern	enum	LINES=0,DOTS=1
E	GraphEdit.PanningScheme	net.multigesture.kanama.api.GraphEdit.PanningScheme	enum	ZOOMS=0,PANS=1
E	GridMap.DebugVisibilityMode	net.multigesture.kanama.api.GridMap.DebugVisibilityMode	enum	DEFAULT=0,FORCE_SHOW=1,FORCE_HIDE=2
E	HTTPClient.Method	net.multigesture.kanama.api.HTTPClient.Method	enum	GET=0,HEAD=1,POST=2,PUT=3,DELETE=4,OPTIONS=5,TRACE=6,CONNECT=7,PATCH=8,MAX=9
E	HTTPClient.ResponseCode	net.multigesture.kanama.api.HTTPClient.ResponseCode	enum	CONTINUE=100,SWITCHING_PROTOCOLS=101,PROCESSING=102,OK=200,CREATED=201,ACCEPTED=202,NON_AUTHORITATIVE_INFORMATION=203,NO_CONTENT=204,RESET_CONTENT=205,PARTIAL_CONTENT=206,MULTI_STATUS=207,ALREADY_REPORTED=208,IM_USED=226,MULTIPLE_CHOICES=300,MOVED_PERMANENTLY=301,FOUND=302,SEE_OTHER=303,NOT_MODIFIED=304,USE_PROXY=305,SWITCH_PROXY=306,TEMPORARY_REDIRECT=307,PERMANENT_REDIRECT=308,BAD_REQUEST=400,UNAUTHORIZED=401,PAYMENT_REQUIRED=402,FORBIDDEN=403,NOT_FOUND=404,METHOD_NOT_ALLOWED=405,NOT_ACCEPTABLE=406,PROXY_AUTHENTICATION_REQUIRED=407,REQUEST_TIMEOUT=408,CONFLICT=409,GONE=410,LENGTH_REQUIRED=411,PRECONDITION_FAILED=412,REQUEST_ENTITY_TOO_LARGE=413,REQUEST_URI_TOO_LONG=414,UNSUPPORTED_MEDIA_TYPE=415,REQUESTED_RANGE_NOT_SATISFIABLE=416,EXPECTATION_FAILED=417,IM_A_TEAPOT=418,MISDIRECTED_REQUEST=421,UNPROCESSABLE_ENTITY=422,LOCKED=423,FAILED_DEPENDENCY=424,UPGRADE_REQUIRED=426,PRECONDITION_REQUIRED=428,TOO_MANY_REQUESTS=429,REQUEST_HEADER_FIELDS_TOO_LARGE=431,UNAVAILABLE_FOR_LEGAL_REASONS=451,INTERNAL_SERVER_ERROR=500,NOT_IMPLEMENTED=501,BAD_GATEWAY=502,SERVICE_UNAVAILABLE=503,GATEWAY_TIMEOUT=504,HTTP_VERSION_NOT_SUPPORTED=505,VARIANT_ALSO_NEGOTIATES=506,INSUFFICIENT_STORAGE=507,LOOP_DETECTED=508,NOT_EXTENDED=510,NETWORK_AUTH_REQUIRED=511
E	HTTPClient.Status	net.multigesture.kanama.api.HTTPClient.Status	enum	DISCONNECTED=0,RESOLVING=1,CANT_RESOLVE=2,CONNECTING=3,CANT_CONNECT=4,CONNECTED=5,REQUESTING=6,BODY=7,CONNECTION_ERROR=8,TLS_HANDSHAKE_ERROR=9
E	HTTPRequest.Result	net.multigesture.kanama.api.HTTPRequest.Result	enum	SUCCESS=0,CHUNKED_BODY_SIZE_MISMATCH=1,CANT_CONNECT=2,CANT_RESOLVE=3,CONNECTION_ERROR=4,TLS_HANDSHAKE_ERROR=5,NO_RESPONSE=6,BODY_SIZE_LIMIT_EXCEEDED=7,BODY_DECOMPRESS_FAILED=8,REQUEST_FAILED=9,DOWNLOAD_FILE_CANT_OPEN=10,DOWNLOAD_FILE_WRITE_ERROR=11,REDIRECT_LIMIT_REACHED=12,TIMEOUT=13
E	HashingContext.HashType	net.multigesture.kanama.api.HashingContext.HashType	enum	MD5=0,SHA1=1,SHA256=2
E	HingeJoint3D.Flag	net.multigesture.kanama.api.HingeJoint3D.Flag	enum	USE_LIMIT=0,ENABLE_MOTOR=1,MAX=2
E	HingeJoint3D.Param	net.multigesture.kanama.api.HingeJoint3D.Param	enum	BIAS=0,LIMIT_UPPER=1,LIMIT_LOWER=2,LIMIT_BIAS=3,LIMIT_SOFTNESS=4,LIMIT_RELAXATION=5,MOTOR_TARGET_VELOCITY=6,MOTOR_MAX_IMPULSE=7,MAX=8
E	HorizontalAlignment	net.multigesture.kanama.api.HorizontalAlignment	enum	LEFT=0,CENTER=1,RIGHT=2,FILL=3
E	IP.ResolverStatus	net.multigesture.kanama.api.IP.ResolverStatus	enum	NONE=0,WAITING=1,DONE=2,ERROR=3
E	IP.Type	net.multigesture.kanama.api.IP.Type	enum	NONE=0,IPV4=1,IPV6=2,ANY=3
E	Image.ASTCFormat	net.multigesture.kanama.api.Image.ASTCFormat	enum	FORMAT_4x4=0,FORMAT_8x8=1
E	Image.AlphaMode	net.multigesture.kanama.api.Image.AlphaMode	enum	NONE=0,BIT=1,BLEND=2
E	Image.CompressMode	net.multigesture.kanama.api.Image.CompressMode	enum	S3TC=0,ETC=1,ETC2=2,BPTC=3,ASTC=4,MAX=5
E	Image.CompressSource	net.multigesture.kanama.api.Image.CompressSource	enum	GENERIC=0,SRGB=1,NORMAL=2
E	Image.Format	net.multigesture.kanama.api.Image.Format	enum	L8=0,LA8=1,R8=2,RG8=3,RGB8=4,RGBA8=5,RGBA4444=6,RGB565=7,RF=8,RGF=9,RGBF=10,RGBAF=11,RH=12,RGH=13,RGBH=14,RGBAH=15,RGBE9995=16,DXT1=17,DXT3=18,DXT5=19,RGTC_R=20,RGTC_RG=21,BPTC_RGBA=22,BPTC_RGBF=23,BPTC_RGBFU=24,ETC=25,ETC2_R11=26,ETC2_R11S=27,ETC2_RG11=28,ETC2_RG11S=29,ETC2_RGB8=30,ETC2_RGBA8=31,ETC2_RGB8A1=32,ETC2_RA_AS_RG=33,DXT5_RA_AS_RG=34,ASTC_4x4=35,ASTC_4x4_HDR=36,ASTC_8x8=37,ASTC_8x8_HDR=38,R16=39,RG16=40,RGB16=41,RGBA16=42,R16I=43,RG16I=44,RGB16I=45,RGBA16I=46,MAX=47
E	Image.Interpolation	net.multigesture.kanama.api.Image.Interpolation	enum	NEAREST=0,BILINEAR=1,CUBIC=2,TRILINEAR=3,LANCZOS=4
E	Image.UsedChannels	net.multigesture.kanama.api.Image.UsedChannels	enum	L=0,LA=1,R=2,RG=3,RGB=4,RGBA=5
E	ImageFormatLoader.LoaderFlags	net.multigesture.kanama.api.ImageFormatLoader.LoaderFlags	bitfield	NONE=0,FORCE_LINEAR=1,CONVERT_COLORS=2
E	InlineAlignment	net.multigesture.kanama.api.InlineAlignment	enum	TOP_TO=0,CENTER_TO=1,BASELINE_TO=3,BOTTOM_TO=2,TO_TOP=0,TO_CENTER=4,TO_BASELINE=8,TO_BOTTOM=12,TOP=0,CENTER=5,BOTTOM=14,IMAGE_MASK=3,TEXT_MASK=12
E	Input.CursorShape	net.multigesture.kanama.api.Input.CursorShape	enum	ARROW=0,IBEAM=1,POINTING_HAND=2,CROSS=3,WAIT=4,BUSY=5,DRAG=6,CAN_DROP=7,FORBIDDEN=8,VSIZE=9,HSIZE=10,BDIAGSIZE=11,FDIAGSIZE=12,MOVE=13,VSPLIT=14,HSPLIT=15,HELP=16
E	Input.MouseMode	net.multigesture.kanama.api.Input.MouseMode	enum	VISIBLE=0,HIDDEN=1,CAPTURED=2,CONFINED=3,CONFINED_HIDDEN=4,MAX=5
E	ItemList.IconMode	net.multigesture.kanama.api.ItemList.IconMode	enum	TOP=0,LEFT=1
E	ItemList.ScrollHintMode	net.multigesture.kanama.api.ItemList.ScrollHintMode	enum	DISABLED=0,BOTH=1,TOP=2,BOTTOM=3
E	ItemList.SelectMode	net.multigesture.kanama.api.ItemList.SelectMode	enum	SINGLE=0,MULTI=1,TOGGLE=2
E	JSONRPC.ErrorCode	net.multigesture.kanama.api.JSONRPC.ErrorCode	enum	PARSE_ERROR=-32700,INVALID_REQUEST=-32600,METHOD_NOT_FOUND=-32601,INVALID_PARAMS=-32602,INTERNAL_ERROR=-32603
E	JoyAxis	net.multigesture.kanama.api.JoyAxis	enum	INVALID=-1,LEFT_X=0,LEFT_Y=1,RIGHT_X=2,RIGHT_Y=3,TRIGGER_LEFT=4,TRIGGER_RIGHT=5,SDL_MAX=6,MAX=10
E	JoyButton	net.multigesture.kanama.api.JoyButton	enum	INVALID=-1,A=0,B=1,X=2,Y=3,BACK=4,GUIDE=5,START=6,LEFT_STICK=7,RIGHT_STICK=8,LEFT_SHOULDER=9,RIGHT_SHOULDER=10,DPAD_UP=11,DPAD_DOWN=12,DPAD_LEFT=13,DPAD_RIGHT=14,MISC1=15,PADDLE1=16,PADDLE2=17,PADDLE3=18,PADDLE4=19,TOUCHPAD=20,MISC2=21,MISC3=22,MISC4=23,MISC5=24,MISC6=25,SDL_MAX=26,MAX=128
E	Key	net.multigesture.kanama.api.Key	enum	NONE=0,SPECIAL=4194304,ESCAPE=4194305,TAB=4194306,BACKTAB=4194307,BACKSPACE=4194308,ENTER=4194309,KP_ENTER=4194310,INSERT=4194311,DELETE=4194312,PAUSE=4194313,PRINT=4194314,SYSREQ=4194315,CLEAR=4194316,HOME=4194317,END=4194318,LEFT=4194319,UP=4194320,RIGHT=4194321,DOWN=4194322,PAGEUP=4194323,PAGEDOWN=4194324,SHIFT=4194325,CTRL=4194326,META=4194327,ALT=4194328,CAPSLOCK=4194329,NUMLOCK=4194330,SCROLLLOCK=4194331,F1=4194332,F2=4194333,F3=4194334,F4=4194335,F5=4194336,F6=4194337,F7=4194338,F8=4194339,F9=4194340,F10=4194341,F11=4194342,F12=4194343,F13=4194344,F14=4194345,F15=4194346,F16=4194347,F17=4194348,F18=4194349,F19=4194350,F20=4194351,F21=4194352,F22=4194353,F23=4194354,F24=4194355,F25=4194356,F26=4194357,F27=4194358,F28=4194359,F29=4194360,F30=4194361,F31=4194362,F32=4194363,F33=4194364,F34=4194365,F35=4194366,KP_MULTIPLY=4194433,KP_DIVIDE=4194434,KP_SUBTRACT=4194435,KP_PERIOD=4194436,KP_ADD=4194437,KP_0=4194438,KP_1=4194439,KP_2=4194440,KP_3=4194441,KP_4=4194442,KP_5=4194443,KP_6=4194444,KP_7=4194445,KP_8=4194446,KP_9=4194447,MENU=4194370,HYPER=4194371,HELP=4194373,BACK=4194376,FORWARD=4194377,STOP=4194378,REFRESH=4194379,VOLUMEDOWN=4194380,VOLUMEMUTE=4194381,VOLUMEUP=4194382,MEDIAPLAY=4194388,MEDIASTOP=4194389,MEDIAPREVIOUS=4194390,MEDIANEXT=4194391,MEDIARECORD=4194392,HOMEPAGE=4194393,FAVORITES=4194394,SEARCH=4194395,STANDBY=4194396,OPENURL=4194397,LAUNCHMAIL=4194398,LAUNCHMEDIA=4194399,LAUNCH0=4194400,LAUNCH1=4194401,LAUNCH2=4194402,LAUNCH3=4194403,LAUNCH4=4194404,LAUNCH5=4194405,LAUNCH6=4194406,LAUNCH7=4194407,LAUNCH8=4194408,LAUNCH9=4194409,LAUNCHA=4194410,LAUNCHB=4194411,LAUNCHC=4194412,LAUNCHD=4194413,LAUNCHE=4194414,LAUNCHF=4194415,GLOBE=4194416,KEYBOARD=4194417,JIS_EISU=4194418,JIS_KANA=4194419,UNKNOWN=8388607,SPACE=32,EXCLAM=33,QUOTEDBL=34,NUMBERSIGN=35,DOLLAR=36,PERCENT=37,AMPERSAND=38,APOSTROPHE=39,PARENLEFT=40,PARENRIGHT=41,ASTERISK=42,PLUS=43,COMMA=44,MINUS=45,PERIOD=46,SLASH=47,KEY_0=48,KEY_1=49,KEY_2=50,KEY_3=51,KEY_4=52,KEY_5=53,KEY_6=54,KEY_7=55,KEY_8=56,KEY_9=57,COLON=58,SEMICOLON=59,LESS=60,EQUAL=61,GREATER=62,QUESTION=63,AT=64,A=65,B=66,C=67,D=68,E=69,F=70,G=71,H=72,I=73,J=74,K=75,L=76,M=77,N=78,O=79,P=80,Q=81,R=82,S=83,T=84,U=85,V=86,W=87,X=88,Y=89,Z=90,BRACKETLEFT=91,BACKSLASH=92,BRACKETRIGHT=93,ASCIICIRCUM=94,UNDERSCORE=95,QUOTELEFT=96,BRACELEFT=123,BAR=124,BRACERIGHT=125,ASCIITILDE=126,YEN=165,SECTION=167
E	KeyLocation	net.multigesture.kanama.api.KeyLocation	enum	UNSPECIFIED=0,LEFT=1,RIGHT=2
E	KeyModifierMask	net.multigesture.kanama.api.KeyModifierMask	bitfield	CODE_MASK=8388607,MODIFIER_MASK=2130706432,MASK_CMD_OR_CTRL=16777216,MASK_SHIFT=33554432,MASK_ALT=67108864,MASK_META=134217728,MASK_CTRL=268435456,MASK_KPAD=536870912,MASK_GROUP_SWITCH=1073741824
E	Label3D.AlphaCutMode	net.multigesture.kanama.api.Label3D.AlphaCutMode	enum	DISABLED=0,DISCARD=1,OPAQUE_PREPASS=2,HASH=3
E	Label3D.DrawFlags	net.multigesture.kanama.api.Label3D.DrawFlags	enum	SHADED=0,DOUBLE_SIDED=1,DISABLE_DEPTH_TEST=2,FIXED_SIZE=3,MAX=4
E	Light2D.BlendMode	net.multigesture.kanama.api.Light2D.BlendMode	enum	ADD=0,SUB=1,MIX=2
E	Light2D.ShadowFilter	net.multigesture.kanama.api.Light2D.ShadowFilter	enum	NONE=0,PCF5=1,PCF13=2
E	Light3D.BakeMode	net.multigesture.kanama.api.Light3D.BakeMode	enum	DISABLED=0,STATIC=1,DYNAMIC=2
E	Light3D.Param	net.multigesture.kanama.api.Light3D.Param	enum	ENERGY=0,INDIRECT_ENERGY=1,VOLUMETRIC_FOG_ENERGY=2,SPECULAR=3,RANGE=4,SIZE=5,ATTENUATION=6,SPOT_ANGLE=7,SPOT_ATTENUATION=8,SHADOW_MAX_DISTANCE=9,SHADOW_SPLIT_1_OFFSET=10,SHADOW_SPLIT_2_OFFSET=11,SHADOW_SPLIT_3_OFFSET=12,SHADOW_FADE_START=13,SHADOW_NORMAL_BIAS=14,SHADOW_BIAS=15,SHADOW_PANCAKE_SIZE=16,SHADOW_OPACITY=17,SHADOW_BLUR=18,TRANSMITTANCE_BIAS=19,INTENSITY=20,MAX=21
E	LightmapGI.BakeError	net.multigesture.kanama.api.LightmapGI.BakeError	enum	OK=0,NO_SCENE_ROOT=1,FOREIGN_DATA=2,NO_LIGHTMAPPER=3,NO_SAVE_PATH=4,NO_MESHES=5,MESHES_INVALID=6,CANT_CREATE_IMAGE=7,USER_ABORTED=8,TEXTURE_SIZE_TOO_SMALL=9,LIGHTMAP_TOO_SMALL=10,ATLAS_TOO_SMALL=11
E	LightmapGI.BakeQuality	net.multigesture.kanama.api.LightmapGI.BakeQuality	enum	LOW=0,MEDIUM=1,HIGH=2,ULTRA=3
E	LightmapGI.EnvironmentMode	net.multigesture.kanama.api.LightmapGI.EnvironmentMode	enum	DISABLED=0,SCENE=1,CUSTOM_SKY=2,CUSTOM_COLOR=3
E	LightmapGI.GenerateProbes	net.multigesture.kanama.api.LightmapGI.GenerateProbes	enum	DISABLED=0,SUBDIV_4=1,SUBDIV_8=2,SUBDIV_16=3,SUBDIV_32=4
E	LightmapGIData.ShadowmaskMode	net.multigesture.kanama.api.LightmapGIData.ShadowmaskMode	enum	NONE=0,REPLACE=1,OVERLAY=2
E	Line2D.LineCapMode	net.multigesture.kanama.api.Line2D.LineCapMode	enum	NONE=0,BOX=1,ROUND=2
E	Line2D.LineJointMode	net.multigesture.kanama.api.Line2D.LineJointMode	enum	SHARP=0,BEVEL=1,ROUND=2
E	Line2D.LineTextureMode	net.multigesture.kanama.api.Line2D.LineTextureMode	enum	NONE=0,TILE=1,STRETCH=2
E	LineEdit.ExpandMode	net.multigesture.kanama.api.LineEdit.ExpandMode	enum	ORIGINAL_SIZE=0,FIT_TO_TEXT=1,FIT_TO_LINE_EDIT=2
E	LineEdit.MenuItems	net.multigesture.kanama.api.LineEdit.MenuItems	enum	CUT=0,COPY=1,PASTE=2,CLEAR=3,SELECT_ALL=4,UNDO=5,REDO=6,SUBMENU_TEXT_DIR=7,DIR_INHERITED=8,DIR_AUTO=9,DIR_LTR=10,DIR_RTL=11,DISPLAY_UCC=12,SUBMENU_INSERT_UCC=13,INSERT_LRM=14,INSERT_RLM=15,INSERT_LRE=16,INSERT_RLE=17,INSERT_LRO=18,INSERT_RLO=19,INSERT_PDF=20,INSERT_ALM=21,INSERT_LRI=22,INSERT_RLI=23,INSERT_FSI=24,INSERT_PDI=25,INSERT_ZWJ=26,INSERT_ZWNJ=27,INSERT_WJ=28,INSERT_SHY=29,EMOJI_AND_SYMBOL=30,MAX=31
E	LineEdit.VirtualKeyboardType	net.multigesture.kanama.api.LineEdit.VirtualKeyboardType	enum	DEFAULT=0,MULTILINE=1,NUMBER=2,NUMBER_DECIMAL=3,PHONE=4,EMAIL_ADDRESS=5,PASSWORD=6,URL=7
E	LinkButton.UnderlineMode	net.multigesture.kanama.api.LinkButton.UnderlineMode	enum	ALWAYS=0,ON_HOVER=1,NEVER=2
E	Logger.ErrorType	net.multigesture.kanama.api.Logger.ErrorType	enum	ERROR=0,WARNING=1,SCRIPT=2,SHADER=3
E	LookAtModifier3D.OriginFrom	net.multigesture.kanama.api.LookAtModifier3D.OriginFrom	enum	SELF=0,SPECIFIC_BONE=1,EXTERNAL_NODE=2
E	MIDIMessage	net.multigesture.kanama.api.MIDIMessage	enum	NONE=0,NOTE_OFF=8,NOTE_ON=9,AFTERTOUCH=10,CONTROL_CHANGE=11,PROGRAM_CHANGE=12,CHANNEL_PRESSURE=13,PITCH_BEND=14,SYSTEM_EXCLUSIVE=240,QUARTER_FRAME=241,SONG_POSITION_POINTER=242,SONG_SELECT=243,TUNE_REQUEST=246,TIMING_CLOCK=248,START=250,CONTINUE=251,STOP=252,ACTIVE_SENSING=254,SYSTEM_RESET=255
E	Mesh.ArrayCustomFormat	net.multigesture.kanama.api.Mesh.ArrayCustomFormat	enum	RGBA8_UNORM=0,RGBA8_SNORM=1,RG_HALF=2,RGBA_HALF=3,R_FLOAT=4,RG_FLOAT=5,RGB_FLOAT=6,RGBA_FLOAT=7,MAX=8
E	Mesh.ArrayFormat	net.multigesture.kanama.api.Mesh.ArrayFormat	bitfield	FORMAT_VERTEX=1,FORMAT_NORMAL=2,FORMAT_TANGENT=4,FORMAT_COLOR=8,FORMAT_TEX_UV=16,FORMAT_TEX_UV2=32,FORMAT_CUSTOM0=64,FORMAT_CUSTOM1=128,FORMAT_CUSTOM2=256,FORMAT_CUSTOM3=512,FORMAT_BONES=1024,FORMAT_WEIGHTS=2048,FORMAT_INDEX=4096,FORMAT_BLEND_SHAPE_MASK=7,FORMAT_CUSTOM_BASE=13,FORMAT_CUSTOM_BITS=3,FORMAT_CUSTOM0_SHIFT=13,FORMAT_CUSTOM1_SHIFT=16,FORMAT_CUSTOM2_SHIFT=19,FORMAT_CUSTOM3_SHIFT=22,FORMAT_CUSTOM_MASK=7,COMPRESS_FLAGS_BASE=25,FLAG_USE_2D_VERTICES=33554432,FLAG_USE_DYNAMIC_UPDATE=67108864,FLAG_USE_8_BONE_WEIGHTS=134217728,FLAG_USES_EMPTY_VERTEX_ARRAY=268435456,FLAG_COMPRESS_ATTRIBUTES=536870912
E	Mesh.ArrayType	net.multigesture.kanama.api.Mesh.ArrayType	enum	VERTEX=0,NORMAL=1,TANGENT=2,COLOR=3,TEX_UV=4,TEX_UV2=5,CUSTOM0=6,CUSTOM1=7,CUSTOM2=8,CUSTOM3=9,BONES=10,WEIGHTS=11,INDEX=12,MAX=13
E	Mesh.BlendShapeMode	net.multigesture.kanama.api.Mesh.BlendShapeMode	enum	NORMALIZED=0,RELATIVE=1
E	Mesh.PrimitiveType	net.multigesture.kanama.api.Mesh.PrimitiveType	enum	POINTS=0,LINES=1,LINE_STRIP=2,TRIANGLES=3,TRIANGLE_STRIP=4
E	MeshConvexDecompositionSettings.Mode	net.multigesture.kanama.api.MeshConvexDecompositionSettings.Mode	enum	VOXEL=0,TETRAHEDRON=1
E	MethodFlags	net.multigesture.kanama.api.MethodFlags	bitfield	NORMAL=1,EDITOR=2,CONST=4,VIRTUAL=8,VARARG=16,STATIC=32,OBJECT_CORE=64,VIRTUAL_REQUIRED=128,DEFAULT=1
E	MouseButton	net.multigesture.kanama.api.MouseButton	enum	NONE=0,LEFT=1,RIGHT=2,MIDDLE=3,WHEEL_UP=4,WHEEL_DOWN=5,WHEEL_LEFT=6,WHEEL_RIGHT=7,XBUTTON1=8,XBUTTON2=9
E	MouseButtonMask	net.multigesture.kanama.api.MouseButtonMask	bitfield	LEFT=1,RIGHT=2,MIDDLE=4,MB_XBUTTON1=128,MB_XBUTTON2=256
E	MultiMesh.PhysicsInterpolationQuality	net.multigesture.kanama.api.MultiMesh.PhysicsInterpolationQuality	enum	FAST=0,HIGH=1
E	MultiMesh.TransformFormat	net.multigesture.kanama.api.MultiMesh.TransformFormat	enum	TRANSFORM_2D=0,TRANSFORM_3D=1
E	MultiplayerAPI.RPCMode	net.multigesture.kanama.api.MultiplayerAPI.RPCMode	enum	DISABLED=0,ANY_PEER=1,AUTHORITY=2
E	MultiplayerPeer.ConnectionStatus	net.multigesture.kanama.api.MultiplayerPeer.ConnectionStatus	enum	DISCONNECTED=0,CONNECTING=1,CONNECTED=2
E	MultiplayerPeer.TransferMode	net.multigesture.kanama.api.MultiplayerPeer.TransferMode	enum	UNRELIABLE=0,UNRELIABLE_ORDERED=1,RELIABLE=2
E	MultiplayerSynchronizer.VisibilityUpdateMode	net.multigesture.kanama.api.MultiplayerSynchronizer.VisibilityUpdateMode	enum	IDLE=0,PHYSICS=1,NONE=2
E	NativeMenu.Feature	net.multigesture.kanama.api.NativeMenu.Feature	enum	GLOBAL_MENU=0,POPUP_MENU=1,OPEN_CLOSE_CALLBACK=2,HOVER_CALLBACK=3,KEY_CALLBACK=4
E	NativeMenu.SystemMenus	net.multigesture.kanama.api.NativeMenu.SystemMenus	enum	INVALID_MENU_ID=0,MAIN_MENU_ID=1,APPLICATION_MENU_ID=2,WINDOW_MENU_ID=3,HELP_MENU_ID=4,DOCK_MENU_ID=5
E	NavigationMesh.ParsedGeometryType	net.multigesture.kanama.api.NavigationMesh.ParsedGeometryType	enum	MESH_INSTANCES=0,STATIC_COLLIDERS=1,BOTH=2,MAX=3
E	NavigationMesh.SamplePartitionType	net.multigesture.kanama.api.NavigationMesh.SamplePartitionType	enum	WATERSHED=0,MONOTONE=1,LAYERS=2,MAX=3
E	NavigationMesh.SourceGeometryMode	net.multigesture.kanama.api.NavigationMesh.SourceGeometryMode	enum	ROOT_NODE_CHILDREN=0,GROUPS_WITH_CHILDREN=1,GROUPS_EXPLICIT=2,MAX=3
E	NavigationPathQueryParameters2D.PathMetadataFlags	net.multigesture.kanama.api.NavigationPathQueryParameters2D.PathMetadataFlags	bitfield	NONE=0,TYPES=1,RIDS=2,OWNERS=4,ALL=7
E	NavigationPathQueryParameters2D.PathPostProcessing	net.multigesture.kanama.api.NavigationPathQueryParameters2D.PathPostProcessing	enum	CORRIDORFUNNEL=0,EDGECENTERED=1,NONE=2
E	NavigationPathQueryParameters2D.PathfindingAlgorithm	net.multigesture.kanama.api.NavigationPathQueryParameters2D.PathfindingAlgorithm	enum	ASTAR=0
E	NavigationPathQueryParameters3D.PathMetadataFlags	net.multigesture.kanama.api.NavigationPathQueryParameters3D.PathMetadataFlags	bitfield	NONE=0,TYPES=1,RIDS=2,OWNERS=4,ALL=7
E	NavigationPathQueryParameters3D.PathPostProcessing	net.multigesture.kanama.api.NavigationPathQueryParameters3D.PathPostProcessing	enum	CORRIDORFUNNEL=0,EDGECENTERED=1,NONE=2
E	NavigationPathQueryParameters3D.PathfindingAlgorithm	net.multigesture.kanama.api.NavigationPathQueryParameters3D.PathfindingAlgorithm	enum	ASTAR=0
E	NavigationPathQueryResult2D.PathSegmentType	net.multigesture.kanama.api.NavigationPathQueryResult2D.PathSegmentType	enum	REGION=0,LINK=1
E	NavigationPathQueryResult3D.PathSegmentType	net.multigesture.kanama.api.NavigationPathQueryResult3D.PathSegmentType	enum	REGION=0,LINK=1
E	NavigationPolygon.ParsedGeometryType	net.multigesture.kanama.api.NavigationPolygon.ParsedGeometryType	enum	MESH_INSTANCES=0,STATIC_COLLIDERS=1,BOTH=2,MAX=3
E	NavigationPolygon.SamplePartitionType	net.multigesture.kanama.api.NavigationPolygon.SamplePartitionType	enum	CONVEX_PARTITION=0,TRIANGULATE=1,MAX=2
E	NavigationPolygon.SourceGeometryMode	net.multigesture.kanama.api.NavigationPolygon.SourceGeometryMode	enum	ROOT_NODE_CHILDREN=0,GROUPS_WITH_CHILDREN=1,GROUPS_EXPLICIT=2,MAX=3
E	NavigationServer2D.ProcessInfo	net.multigesture.kanama.api.NavigationServer2D.ProcessInfo	enum	ACTIVE_MAPS=0,REGION_COUNT=1,AGENT_COUNT=2,LINK_COUNT=3,POLYGON_COUNT=4,EDGE_COUNT=5,EDGE_MERGE_COUNT=6,EDGE_CONNECTION_COUNT=7,EDGE_FREE_COUNT=8,OBSTACLE_COUNT=9
E	NavigationServer3D.ProcessInfo	net.multigesture.kanama.api.NavigationServer3D.ProcessInfo	enum	ACTIVE_MAPS=0,REGION_COUNT=1,AGENT_COUNT=2,LINK_COUNT=3,POLYGON_COUNT=4,EDGE_COUNT=5,EDGE_MERGE_COUNT=6,EDGE_CONNECTION_COUNT=7,EDGE_FREE_COUNT=8,OBSTACLE_COUNT=9
E	NinePatchRect.AxisStretchMode	net.multigesture.kanama.api.NinePatchRect.AxisStretchMode	enum	STRETCH=0,TILE=1,TILE_FIT=2
E	Node.AutoTranslateMode	net.multigesture.kanama.api.Node.AutoTranslateMode	enum	INHERIT=0,ALWAYS=1,DISABLED=2
E	Node.DuplicateFlags	net.multigesture.kanama.api.Node.DuplicateFlags	enum	SIGNALS=1,GROUPS=2,SCRIPTS=4,USE_INSTANTIATION=8,INTERNAL_STATE=16,DEFAULT=15
E	Node.InternalMode	net.multigesture.kanama.api.Node.InternalMode	enum	DISABLED=0,FRONT=1,BACK=2
E	Node.PhysicsInterpolationMode	net.multigesture.kanama.api.Node.PhysicsInterpolationMode	enum	INHERIT=0,ON=1,OFF=2
E	Node.ProcessMode	net.multigesture.kanama.api.Node.ProcessMode	enum	INHERIT=0,PAUSABLE=1,WHEN_PAUSED=2,ALWAYS=3,DISABLED=4
E	Node.ProcessThreadGroup	net.multigesture.kanama.api.Node.ProcessThreadGroup	enum	INHERIT=0,MAIN_THREAD=1,SUB_THREAD=2
E	Node.ProcessThreadMessages	net.multigesture.kanama.api.Node.ProcessThreadMessages	bitfield	MESSAGES=1,MESSAGES_PHYSICS=2,MESSAGES_ALL=3
E	Node3D.RotationEditMode	net.multigesture.kanama.api.Node3D.RotationEditMode	enum	EULER=0,QUATERNION=1,BASIS=2
E	OS.RenderingDriver	net.multigesture.kanama.api.OS.RenderingDriver	enum	VULKAN=0,OPENGL3=1,D3D12=2,METAL=3
E	OS.StdHandleType	net.multigesture.kanama.api.OS.StdHandleType	enum	INVALID=0,CONSOLE=1,FILE=2,PIPE=3,UNKNOWN=4
E	OS.SystemDir	net.multigesture.kanama.api.OS.SystemDir	enum	DESKTOP=0,DCIM=1,DOCUMENTS=2,DOWNLOADS=3,MOVIES=4,MUSIC=5,PICTURES=6,RINGTONES=7
E	Object.ConnectFlags	net.multigesture.kanama.api.GodotObject.ConnectFlags	bitfield	DEFERRED=1,PERSIST=2,ONE_SHOT=4,REFERENCE_COUNTED=8,APPEND_SOURCE_OBJECT=16
E	OccluderPolygon2D.CullMode	net.multigesture.kanama.api.OccluderPolygon2D.CullMode	enum	DISABLED=0,CLOCKWISE=1,COUNTER_CLOCKWISE=2
E	OmniLight3D.ShadowMode	net.multigesture.kanama.api.OmniLight3D.ShadowMode	enum	DUAL_PARABOLOID=0,CUBE=1
E	OpenXRAPIExtension.OpenXRAlphaBlendModeSupport	net.multigesture.kanama.api.OpenXRAPIExtension.OpenXRAlphaBlendModeSupport	enum	NONE=0,REAL=1,EMULATING=2
E	OpenXRAction.ActionType	net.multigesture.kanama.api.OpenXRAction.ActionType	enum	BOOL=0,FLOAT=1,VECTOR2=2,POSE=3
E	OpenXRAndroidThreadSettingsExtension.ThreadType	net.multigesture.kanama.api.OpenXRAndroidThreadSettingsExtension.ThreadType	enum	APPLICATION_MAIN=0,APPLICATION_WORKER=1,RENDERER_MAIN=2,RENDERER_WORKER=3
E	OpenXRCompositionLayer.EyeVisibility	net.multigesture.kanama.api.OpenXRCompositionLayer.EyeVisibility	enum	BOTH=0,LEFT=1,RIGHT=2
E	OpenXRCompositionLayer.Filter	net.multigesture.kanama.api.OpenXRCompositionLayer.Filter	enum	NEAREST=0,LINEAR=1,CUBIC=2
E	OpenXRCompositionLayer.MipmapMode	net.multigesture.kanama.api.OpenXRCompositionLayer.MipmapMode	enum	DISABLED=0,NEAREST=1,LINEAR=2
E	OpenXRCompositionLayer.Swizzle	net.multigesture.kanama.api.OpenXRCompositionLayer.Swizzle	enum	RED=0,GREEN=1,BLUE=2,ALPHA=3,ZERO=4,ONE=5
E	OpenXRCompositionLayer.Wrap	net.multigesture.kanama.api.OpenXRCompositionLayer.Wrap	enum	CLAMP_TO_BORDER=0,CLAMP_TO_EDGE=1,REPEAT=2,MIRRORED_REPEAT=3,MIRROR_CLAMP_TO_EDGE=4
E	OpenXRFutureResult.ResultStatus	net.multigesture.kanama.api.OpenXRFutureResult.ResultStatus	enum	RUNNING=0,FINISHED=1,CANCELLED=2
E	OpenXRHand.BoneUpdate	net.multigesture.kanama.api.OpenXRHand.BoneUpdate	enum	FULL=0,ROTATION_ONLY=1,MAX=2
E	OpenXRHand.Hands	net.multigesture.kanama.api.OpenXRHand.Hands	enum	LEFT=0,RIGHT=1,MAX=2
E	OpenXRHand.MotionRange	net.multigesture.kanama.api.OpenXRHand.MotionRange	enum	UNOBSTRUCTED=0,CONFORM_TO_CONTROLLER=1,MAX=2
E	OpenXRHand.SkeletonRig	net.multigesture.kanama.api.OpenXRHand.SkeletonRig	enum	OPENXR=0,HUMANOID=1,MAX=2
E	OpenXRInterface.Hand	net.multigesture.kanama.api.OpenXRInterface.Hand	enum	LEFT=0,RIGHT=1,MAX=2
E	OpenXRInterface.HandJointFlags	net.multigesture.kanama.api.OpenXRInterface.HandJointFlags	bitfield	NONE=0,ORIENTATION_VALID=1,ORIENTATION_TRACKED=2,POSITION_VALID=4,POSITION_TRACKED=8,LINEAR_VELOCITY_VALID=16,ANGULAR_VELOCITY_VALID=32
E	OpenXRInterface.HandJoints	net.multigesture.kanama.api.OpenXRInterface.HandJoints	enum	PALM=0,WRIST=1,THUMB_METACARPAL=2,THUMB_PROXIMAL=3,THUMB_DISTAL=4,THUMB_TIP=5,INDEX_METACARPAL=6,INDEX_PROXIMAL=7,INDEX_INTERMEDIATE=8,INDEX_DISTAL=9,INDEX_TIP=10,MIDDLE_METACARPAL=11,MIDDLE_PROXIMAL=12,MIDDLE_INTERMEDIATE=13,MIDDLE_DISTAL=14,MIDDLE_TIP=15,RING_METACARPAL=16,RING_PROXIMAL=17,RING_INTERMEDIATE=18,RING_DISTAL=19,RING_TIP=20,LITTLE_METACARPAL=21,LITTLE_PROXIMAL=22,LITTLE_INTERMEDIATE=23,LITTLE_DISTAL=24,LITTLE_TIP=25,MAX=26
E	OpenXRInterface.HandMotionRange	net.multigesture.kanama.api.OpenXRInterface.HandMotionRange	enum	UNOBSTRUCTED=0,CONFORM_TO_CONTROLLER=1,MAX=2
E	OpenXRInterface.HandTrackedSource	net.multigesture.kanama.api.OpenXRInterface.HandTrackedSource	enum	UNKNOWN=0,UNOBSTRUCTED=1,CONTROLLER=2,MAX=3
E	OpenXRInterface.PerfSettingsLevel	net.multigesture.kanama.api.OpenXRInterface.PerfSettingsLevel	enum	POWER_SAVINGS=0,SUSTAINED_LOW=1,SUSTAINED_HIGH=2,BOOST=3
E	OpenXRInterface.PerfSettingsNotificationLevel	net.multigesture.kanama.api.OpenXRInterface.PerfSettingsNotificationLevel	enum	NORMAL=0,WARNING=1,IMPAIRED=2
E	OpenXRInterface.PerfSettingsSubDomain	net.multigesture.kanama.api.OpenXRInterface.PerfSettingsSubDomain	enum	COMPOSITING=0,RENDERING=1,THERMAL=2
E	OpenXRInterface.SessionState	net.multigesture.kanama.api.OpenXRInterface.SessionState	enum	UNKNOWN=0,IDLE=1,READY=2,SYNCHRONIZED=3,VISIBLE=4,FOCUSED=5,STOPPING=6,LOSS_PENDING=7,EXITING=8
E	OpenXRRenderModelManager.RenderModelTracker	net.multigesture.kanama.api.OpenXRRenderModelManager.RenderModelTracker	enum	ANY=0,NONE_SET=1,LEFT_HAND=2,RIGHT_HAND=3
E	OpenXRSpatialAnchorCapability.PersistenceScope	net.multigesture.kanama.api.OpenXRSpatialAnchorCapability.PersistenceScope	enum	SYSTEM_MANAGED=1,LOCAL_ANCHORS=1000781000
E	OpenXRSpatialCapabilityConfigurationAprilTag.AprilTagDict	net.multigesture.kanama.api.OpenXRSpatialCapabilityConfigurationAprilTag.AprilTagDict	enum	DICT_16H5=1,DICT_25H9=2,DICT_36H10=3,DICT_36H11=4
E	OpenXRSpatialCapabilityConfigurationAruco.ArucoDict	net.multigesture.kanama.api.OpenXRSpatialCapabilityConfigurationAruco.ArucoDict	enum	DICT_4X4_50=1,DICT_4X4_100=2,DICT_4X4_250=3,DICT_4X4_1000=4,DICT_5X5_50=5,DICT_5X5_100=6,DICT_5X5_250=7,DICT_5X5_1000=8,DICT_6X6_50=9,DICT_6X6_100=10,DICT_6X6_250=11,DICT_6X6_1000=12,DICT_7X7_50=13,DICT_7X7_100=14,DICT_7X7_250=15,DICT_7X7_1000=16
E	OpenXRSpatialComponentMarkerList.MarkerType	net.multigesture.kanama.api.OpenXRSpatialComponentMarkerList.MarkerType	enum	UNKNOWN=0,QRCODE=1,MICRO_QRCODE=2,ARUCO=3,APRIL_TAG=4,MAX=5
E	OpenXRSpatialComponentPlaneAlignmentList.PlaneAlignment	net.multigesture.kanama.api.OpenXRSpatialComponentPlaneAlignmentList.PlaneAlignment	enum	HORIZONTAL_UPWARD=0,HORIZONTAL_DOWNWARD=1,VERTICAL=2,ARBITRARY=3
E	OpenXRSpatialComponentPlaneSemanticLabelList.PlaneSemanticLabel	net.multigesture.kanama.api.OpenXRSpatialComponentPlaneSemanticLabelList.PlaneSemanticLabel	enum	UNCATEGORIZED=1,FLOOR=2,WALL=3,CEILING=4,TABLE=5
E	OpenXRSpatialEntityExtension.Capability	net.multigesture.kanama.api.OpenXRSpatialEntityExtension.Capability	enum	PLANE_TRACKING=1000741000,MARKER_TRACKING_QR_CODE=1000743000,MARKER_TRACKING_MICRO_QR_CODE=1000743001,MARKER_TRACKING_ARUCO_MARKER=1000743002,MARKER_TRACKING_APRIL_TAG=1000743003,ANCHOR=1000762000
E	OpenXRSpatialEntityExtension.ComponentType	net.multigesture.kanama.api.OpenXRSpatialEntityExtension.ComponentType	enum	BOUNDED_2D=1,BOUNDED_3D=2,PARENT=3,MESH_3D=4,PLANE_ALIGNMENT=1000741000,MESH_2D=1000741001,POLYGON_2D=1000741002,PLANE_SEMANTIC_LABEL=1000741003,MARKER=1000743000,ANCHOR=1000762000,PERSISTENCE=1000763000
E	OpenXRSpatialEntityTracker.EntityTrackingState	net.multigesture.kanama.api.OpenXRSpatialEntityTracker.EntityTrackingState	enum	STOPPED=1,PAUSED=2,TRACKING=3
E	Orientation	net.multigesture.kanama.api.Orientation	enum	VERTICAL=1,HORIZONTAL=0
E	PackedScene.GenEditState	net.multigesture.kanama.api.PackedScene.GenEditState	enum	DISABLED=0,INSTANCE=1,MAIN=2,MAIN_INHERITED=3
E	PacketPeerDTLS.Status	net.multigesture.kanama.api.PacketPeerDTLS.Status	enum	DISCONNECTED=0,HANDSHAKING=1,CONNECTED=2,ERROR=3,ERROR_HOSTNAME_MISMATCH=4
E	ParticleProcessMaterial.CollisionMode	net.multigesture.kanama.api.ParticleProcessMaterial.CollisionMode	enum	DISABLED=0,RIGID=1,HIDE_ON_CONTACT=2,MAX=3
E	ParticleProcessMaterial.EmissionShape	net.multigesture.kanama.api.ParticleProcessMaterial.EmissionShape	enum	POINT=0,SPHERE=1,SPHERE_SURFACE=2,BOX=3,POINTS=4,DIRECTED_POINTS=5,RING=6,MAX=7
E	ParticleProcessMaterial.Parameter	net.multigesture.kanama.api.ParticleProcessMaterial.Parameter	enum	INITIAL_LINEAR_VELOCITY=0,ANGULAR_VELOCITY=1,ORBIT_VELOCITY=2,LINEAR_ACCEL=3,RADIAL_ACCEL=4,TANGENTIAL_ACCEL=5,DAMPING=6,ANGLE=7,SCALE=8,HUE_VARIATION=9,ANIM_SPEED=10,ANIM_OFFSET=11,RADIAL_VELOCITY=15,DIRECTIONAL_VELOCITY=16,SCALE_OVER_VELOCITY=17,MAX=18,TURB_VEL_INFLUENCE=13,TURB_INIT_DISPLACEMENT=14,TURB_INFLUENCE_OVER_LIFE=12
E	ParticleProcessMaterial.ParticleFlags	net.multigesture.kanama.api.ParticleProcessMaterial.ParticleFlags	enum	ALIGN_Y_TO_VELOCITY=0,ROTATE_Y=1,DISABLE_Z=2,DAMPING_AS_FRICTION=3,INHERIT_EMITTER_SCALE=4,MAX=5
E	ParticleProcessMaterial.SubEmitterMode	net.multigesture.kanama.api.ParticleProcessMaterial.SubEmitterMode	enum	DISABLED=0,CONSTANT=1,AT_END=2,AT_COLLISION=3,AT_START=4,MAX=5
E	PathFollow3D.RotationMode	net.multigesture.kanama.api.PathFollow3D.RotationMode	enum	NONE=0,Y=1,XY=2,XYZ=3,ORIENTED=4
E	Performance.Monitor	net.multigesture.kanama.api.Performance.Monitor	enum	TIME_FPS=0,TIME_PROCESS=1,TIME_PHYSICS_PROCESS=2,TIME_NAVIGATION_PROCESS=3,MEMORY_STATIC=4,MEMORY_STATIC_MAX=5,MEMORY_MESSAGE_BUFFER_MAX=6,OBJECT_COUNT=7,OBJECT_RESOURCE_COUNT=8,OBJECT_NODE_COUNT=9,OBJECT_ORPHAN_NODE_COUNT=10,RENDER_TOTAL_OBJECTS_IN_FRAME=11,RENDER_TOTAL_PRIMITIVES_IN_FRAME=12,RENDER_TOTAL_DRAW_CALLS_IN_FRAME=13,RENDER_VIDEO_MEM_USED=14,RENDER_TEXTURE_MEM_USED=15,RENDER_BUFFER_MEM_USED=16,PHYSICS_2D_ACTIVE_OBJECTS=17,PHYSICS_2D_COLLISION_PAIRS=18,PHYSICS_2D_ISLAND_COUNT=19,PHYSICS_3D_ACTIVE_OBJECTS=20,PHYSICS_3D_COLLISION_PAIRS=21,PHYSICS_3D_ISLAND_COUNT=22,AUDIO_OUTPUT_LATENCY=23,NAVIGATION_ACTIVE_MAPS=24,NAVIGATION_REGION_COUNT=25,NAVIGATION_AGENT_COUNT=26,NAVIGATION_LINK_COUNT=27,NAVIGATION_POLYGON_COUNT=28,NAVIGATION_EDGE_COUNT=29,NAVIGATION_EDGE_MERGE_COUNT=30,NAVIGATION_EDGE_CONNECTION_COUNT=31,NAVIGATION_EDGE_FREE_COUNT=32,NAVIGATION_OBSTACLE_COUNT=33,PIPELINE_COMPILATIONS_CANVAS=34,PIPELINE_COMPILATIONS_MESH=35,PIPELINE_COMPILATIONS_SURFACE=36,PIPELINE_COMPILATIONS_DRAW=37,PIPELINE_COMPILATIONS_SPECIALIZATION=38,NAVIGATION_2D_ACTIVE_MAPS=39,NAVIGATION_2D_REGION_COUNT=40,NAVIGATION_2D_AGENT_COUNT=41,NAVIGATION_2D_LINK_COUNT=42,NAVIGATION_2D_POLYGON_COUNT=43,NAVIGATION_2D_EDGE_COUNT=44,NAVIGATION_2D_EDGE_MERGE_COUNT=45,NAVIGATION_2D_EDGE_CONNECTION_COUNT=46,NAVIGATION_2D_EDGE_FREE_COUNT=47,NAVIGATION_2D_OBSTACLE_COUNT=48,NAVIGATION_3D_ACTIVE_MAPS=49,NAVIGATION_3D_REGION_COUNT=50,NAVIGATION_3D_AGENT_COUNT=51,NAVIGATION_3D_LINK_COUNT=52,NAVIGATION_3D_POLYGON_COUNT=53,NAVIGATION_3D_EDGE_COUNT=54,NAVIGATION_3D_EDGE_MERGE_COUNT=55,NAVIGATION_3D_EDGE_CONNECTION_COUNT=56,NAVIGATION_3D_EDGE_FREE_COUNT=57,NAVIGATION_3D_OBSTACLE_COUNT=58,MONITOR_MAX=59
E	Performance.MonitorType	net.multigesture.kanama.api.Performance.MonitorType	enum	QUANTITY=0,MEMORY=1,TIME=2,PERCENTAGE=3
E	PhysicalBone3D.DampMode	net.multigesture.kanama.api.PhysicalBone3D.DampMode	enum	COMBINE=0,REPLACE=1
E	PhysicalBone3D.JointType	net.multigesture.kanama.api.PhysicalBone3D.JointType	enum	NONE=0,PIN=1,CONE=2,HINGE=3,SLIDER=4,TYPE_6DOF=5
E	PhysicsServer2D.AreaBodyStatus	net.multigesture.kanama.api.PhysicsServer2D.AreaBodyStatus	enum	ADDED=0,REMOVED=1
E	PhysicsServer2D.AreaParameter	net.multigesture.kanama.api.PhysicsServer2D.AreaParameter	enum	GRAVITY_OVERRIDE_MODE=0,GRAVITY=1,GRAVITY_VECTOR=2,GRAVITY_IS_POINT=3,GRAVITY_POINT_UNIT_DISTANCE=4,LINEAR_DAMP_OVERRIDE_MODE=5,LINEAR_DAMP=6,ANGULAR_DAMP_OVERRIDE_MODE=7,ANGULAR_DAMP=8,PRIORITY=9
E	PhysicsServer2D.AreaSpaceOverrideMode	net.multigesture.kanama.api.PhysicsServer2D.AreaSpaceOverrideMode	enum	DISABLED=0,COMBINE=1,COMBINE_REPLACE=2,REPLACE=3,REPLACE_COMBINE=4
E	PhysicsServer2D.BodyDampMode	net.multigesture.kanama.api.PhysicsServer2D.BodyDampMode	enum	COMBINE=0,REPLACE=1
E	PhysicsServer2D.BodyMode	net.multigesture.kanama.api.PhysicsServer2D.BodyMode	enum	STATIC=0,KINEMATIC=1,RIGID=2,RIGID_LINEAR=3
E	PhysicsServer2D.BodyParameter	net.multigesture.kanama.api.PhysicsServer2D.BodyParameter	enum	BOUNCE=0,FRICTION=1,MASS=2,INERTIA=3,CENTER_OF_MASS=4,GRAVITY_SCALE=5,LINEAR_DAMP_MODE=6,ANGULAR_DAMP_MODE=7,LINEAR_DAMP=8,ANGULAR_DAMP=9,MAX=10
E	PhysicsServer2D.BodyState	net.multigesture.kanama.api.PhysicsServer2D.BodyState	enum	TRANSFORM=0,LINEAR_VELOCITY=1,ANGULAR_VELOCITY=2,SLEEPING=3,CAN_SLEEP=4
E	PhysicsServer2D.CCDMode	net.multigesture.kanama.api.PhysicsServer2D.CCDMode	enum	DISABLED=0,CAST_RAY=1,CAST_SHAPE=2
E	PhysicsServer2D.DampedSpringParam	net.multigesture.kanama.api.PhysicsServer2D.DampedSpringParam	enum	REST_LENGTH=0,STIFFNESS=1,DAMPING=2
E	PhysicsServer2D.JointParam	net.multigesture.kanama.api.PhysicsServer2D.JointParam	enum	BIAS=0,MAX_BIAS=1,MAX_FORCE=2
E	PhysicsServer2D.JointType	net.multigesture.kanama.api.PhysicsServer2D.JointType	enum	PIN=0,GROOVE=1,DAMPED_SPRING=2,MAX=3
E	PhysicsServer2D.PinJointFlag	net.multigesture.kanama.api.PhysicsServer2D.PinJointFlag	enum	ANGULAR_LIMIT_ENABLED=0,MOTOR_ENABLED=1
E	PhysicsServer2D.PinJointParam	net.multigesture.kanama.api.PhysicsServer2D.PinJointParam	enum	SOFTNESS=0,LIMIT_UPPER=1,LIMIT_LOWER=2,MOTOR_TARGET_VELOCITY=3
E	PhysicsServer2D.ProcessInfo	net.multigesture.kanama.api.PhysicsServer2D.ProcessInfo	enum	ACTIVE_OBJECTS=0,COLLISION_PAIRS=1,ISLAND_COUNT=2
E	PhysicsServer2D.ShapeType	net.multigesture.kanama.api.PhysicsServer2D.ShapeType	enum	WORLD_BOUNDARY=0,SEPARATION_RAY=1,SEGMENT=2,CIRCLE=3,RECTANGLE=4,CAPSULE=5,CONVEX_POLYGON=6,CONCAVE_POLYGON=7,CUSTOM=8
E	PhysicsServer2D.SpaceParameter	net.multigesture.kanama.api.PhysicsServer2D.SpaceParameter	enum	CONTACT_RECYCLE_RADIUS=0,CONTACT_MAX_SEPARATION=1,CONTACT_MAX_ALLOWED_PENETRATION=2,CONTACT_DEFAULT_BIAS=3,BODY_LINEAR_VELOCITY_SLEEP_THRESHOLD=4,BODY_ANGULAR_VELOCITY_SLEEP_THRESHOLD=5,BODY_TIME_TO_SLEEP=6,CONSTRAINT_DEFAULT_BIAS=7,SOLVER_ITERATIONS=8
E	PhysicsServer3D.AreaBodyStatus	net.multigesture.kanama.api.PhysicsServer3D.AreaBodyStatus	enum	ADDED=0,REMOVED=1
E	PhysicsServer3D.AreaParameter	net.multigesture.kanama.api.PhysicsServer3D.AreaParameter	enum	GRAVITY_OVERRIDE_MODE=0,GRAVITY=1,GRAVITY_VECTOR=2,GRAVITY_IS_POINT=3,GRAVITY_POINT_UNIT_DISTANCE=4,LINEAR_DAMP_OVERRIDE_MODE=5,LINEAR_DAMP=6,ANGULAR_DAMP_OVERRIDE_MODE=7,ANGULAR_DAMP=8,PRIORITY=9,WIND_FORCE_MAGNITUDE=10,WIND_SOURCE=11,WIND_DIRECTION=12,WIND_ATTENUATION_FACTOR=13
E	PhysicsServer3D.AreaSpaceOverrideMode	net.multigesture.kanama.api.PhysicsServer3D.AreaSpaceOverrideMode	enum	DISABLED=0,COMBINE=1,COMBINE_REPLACE=2,REPLACE=3,REPLACE_COMBINE=4
E	PhysicsServer3D.BodyAxis	net.multigesture.kanama.api.PhysicsServer3D.BodyAxis	enum	LINEAR_X=1,LINEAR_Y=2,LINEAR_Z=4,ANGULAR_X=8,ANGULAR_Y=16,ANGULAR_Z=32
E	PhysicsServer3D.BodyDampMode	net.multigesture.kanama.api.PhysicsServer3D.BodyDampMode	enum	COMBINE=0,REPLACE=1
E	PhysicsServer3D.BodyMode	net.multigesture.kanama.api.PhysicsServer3D.BodyMode	enum	STATIC=0,KINEMATIC=1,RIGID=2,RIGID_LINEAR=3
E	PhysicsServer3D.BodyParameter	net.multigesture.kanama.api.PhysicsServer3D.BodyParameter	enum	BOUNCE=0,FRICTION=1,MASS=2,INERTIA=3,CENTER_OF_MASS=4,GRAVITY_SCALE=5,LINEAR_DAMP_MODE=6,ANGULAR_DAMP_MODE=7,LINEAR_DAMP=8,ANGULAR_DAMP=9,MAX=10
E	PhysicsServer3D.BodyState	net.multigesture.kanama.api.PhysicsServer3D.BodyState	enum	TRANSFORM=0,LINEAR_VELOCITY=1,ANGULAR_VELOCITY=2,SLEEPING=3,CAN_SLEEP=4
E	PhysicsServer3D.ConeTwistJointParam	net.multigesture.kanama.api.PhysicsServer3D.ConeTwistJointParam	enum	SWING_SPAN=0,TWIST_SPAN=1,BIAS=2,SOFTNESS=3,RELAXATION=4
E	PhysicsServer3D.G6DOFJointAxisFlag	net.multigesture.kanama.api.PhysicsServer3D.G6DOFJointAxisFlag	enum	ENABLE_LINEAR_LIMIT=0,ENABLE_ANGULAR_LIMIT=1,ENABLE_ANGULAR_SPRING=2,ENABLE_LINEAR_SPRING=3,ENABLE_MOTOR=4,ENABLE_LINEAR_MOTOR=5,MAX=6
E	PhysicsServer3D.G6DOFJointAxisParam	net.multigesture.kanama.api.PhysicsServer3D.G6DOFJointAxisParam	enum	LINEAR_LOWER_LIMIT=0,LINEAR_UPPER_LIMIT=1,LINEAR_LIMIT_SOFTNESS=2,LINEAR_RESTITUTION=3,LINEAR_DAMPING=4,LINEAR_MOTOR_TARGET_VELOCITY=5,LINEAR_MOTOR_FORCE_LIMIT=6,LINEAR_SPRING_STIFFNESS=7,LINEAR_SPRING_DAMPING=8,LINEAR_SPRING_EQUILIBRIUM_POINT=9,ANGULAR_LOWER_LIMIT=10,ANGULAR_UPPER_LIMIT=11,ANGULAR_LIMIT_SOFTNESS=12,ANGULAR_DAMPING=13,ANGULAR_RESTITUTION=14,ANGULAR_FORCE_LIMIT=15,ANGULAR_ERP=16,ANGULAR_MOTOR_TARGET_VELOCITY=17,ANGULAR_MOTOR_FORCE_LIMIT=18,ANGULAR_SPRING_STIFFNESS=19,ANGULAR_SPRING_DAMPING=20,ANGULAR_SPRING_EQUILIBRIUM_POINT=21,MAX=22
E	PhysicsServer3D.HingeJointFlag	net.multigesture.kanama.api.PhysicsServer3D.HingeJointFlag	enum	USE_LIMIT=0,ENABLE_MOTOR=1
E	PhysicsServer3D.HingeJointParam	net.multigesture.kanama.api.PhysicsServer3D.HingeJointParam	enum	BIAS=0,LIMIT_UPPER=1,LIMIT_LOWER=2,LIMIT_BIAS=3,LIMIT_SOFTNESS=4,LIMIT_RELAXATION=5,MOTOR_TARGET_VELOCITY=6,MOTOR_MAX_IMPULSE=7
E	PhysicsServer3D.JointType	net.multigesture.kanama.api.PhysicsServer3D.JointType	enum	PIN=0,HINGE=1,SLIDER=2,CONE_TWIST=3,TYPE_6DOF=4,MAX=5
E	PhysicsServer3D.PinJointParam	net.multigesture.kanama.api.PhysicsServer3D.PinJointParam	enum	BIAS=0,DAMPING=1,IMPULSE_CLAMP=2
E	PhysicsServer3D.ProcessInfo	net.multigesture.kanama.api.PhysicsServer3D.ProcessInfo	enum	ACTIVE_OBJECTS=0,COLLISION_PAIRS=1,ISLAND_COUNT=2
E	PhysicsServer3D.ShapeType	net.multigesture.kanama.api.PhysicsServer3D.ShapeType	enum	WORLD_BOUNDARY=0,SEPARATION_RAY=1,SPHERE=2,BOX=3,CAPSULE=4,CYLINDER=5,CONVEX_POLYGON=6,CONCAVE_POLYGON=7,HEIGHTMAP=8,SOFT_BODY=9,CUSTOM=10
E	PhysicsServer3D.SliderJointParam	net.multigesture.kanama.api.PhysicsServer3D.SliderJointParam	enum	LINEAR_LIMIT_UPPER=0,LINEAR_LIMIT_LOWER=1,LINEAR_LIMIT_SOFTNESS=2,LINEAR_LIMIT_RESTITUTION=3,LINEAR_LIMIT_DAMPING=4,LINEAR_MOTION_SOFTNESS=5,LINEAR_MOTION_RESTITUTION=6,LINEAR_MOTION_DAMPING=7,LINEAR_ORTHOGONAL_SOFTNESS=8,LINEAR_ORTHOGONAL_RESTITUTION=9,LINEAR_ORTHOGONAL_DAMPING=10,ANGULAR_LIMIT_UPPER=11,ANGULAR_LIMIT_LOWER=12,ANGULAR_LIMIT_SOFTNESS=13,ANGULAR_LIMIT_RESTITUTION=14,ANGULAR_LIMIT_DAMPING=15,ANGULAR_MOTION_SOFTNESS=16,ANGULAR_MOTION_RESTITUTION=17,ANGULAR_MOTION_DAMPING=18,ANGULAR_ORTHOGONAL_SOFTNESS=19,ANGULAR_ORTHOGONAL_RESTITUTION=20,ANGULAR_ORTHOGONAL_DAMPING=21,MAX=22
E	PhysicsServer3D.SpaceParameter	net.multigesture.kanama.api.PhysicsServer3D.SpaceParameter	enum	CONTACT_RECYCLE_RADIUS=0,CONTACT_MAX_SEPARATION=1,CONTACT_MAX_ALLOWED_PENETRATION=2,CONTACT_DEFAULT_BIAS=3,BODY_LINEAR_VELOCITY_SLEEP_THRESHOLD=4,BODY_ANGULAR_VELOCITY_SLEEP_THRESHOLD=5,BODY_TIME_TO_SLEEP=6,SOLVER_ITERATIONS=7
E	PinJoint3D.Param	net.multigesture.kanama.api.PinJoint3D.Param	enum	BIAS=0,DAMPING=1,IMPULSE_CLAMP=2
E	PlaneMesh.Orientation	net.multigesture.kanama.api.PlaneMesh.Orientation	enum	X=0,Y=1,Z=2
E	PortableCompressedTexture2D.CompressionMode	net.multigesture.kanama.api.PortableCompressedTexture2D.CompressionMode	enum	LOSSLESS=0,LOSSY=1,BASIS_UNIVERSAL=2,S3TC=3,ETC2=4,BPTC=5,ASTC=6
E	ProgressBar.FillMode	net.multigesture.kanama.api.ProgressBar.FillMode	enum	BEGIN_TO_END=0,END_TO_BEGIN=1,TOP_TO_BOTTOM=2,BOTTOM_TO_TOP=3
E	Projection.Planes	net.multigesture.kanama.types.Projection.Planes	enum	NEAR=0,FAR=1,LEFT=2,TOP=3,RIGHT=4,BOTTOM=5
E	PropertyHint	net.multigesture.kanama.api.GodotPropertyHint	enum	NONE=0,RANGE=1,ENUM=2,ENUM_SUGGESTION=3,EXP_EASING=4,LINK=5,FLAGS=6,LAYERS_2D_RENDER=7,LAYERS_2D_PHYSICS=8,LAYERS_2D_NAVIGATION=9,LAYERS_3D_RENDER=10,LAYERS_3D_PHYSICS=11,LAYERS_3D_NAVIGATION=12,LAYERS_AVOIDANCE=37,FILE=13,DIR=14,GLOBAL_FILE=15,GLOBAL_DIR=16,RESOURCE_TYPE=17,MULTILINE_TEXT=18,EXPRESSION=19,PLACEHOLDER_TEXT=20,COLOR_NO_ALPHA=21,OBJECT_ID=22,TYPE_STRING=23,NODE_PATH_TO_EDITED_NODE=24,OBJECT_TOO_BIG=25,NODE_PATH_VALID_TYPES=26,SAVE_FILE=27,GLOBAL_SAVE_FILE=28,INT_IS_OBJECTID=29,INT_IS_POINTER=30,ARRAY_TYPE=31,DICTIONARY_TYPE=38,LOCALE_ID=32,LOCALIZABLE_STRING=33,NODE_TYPE=34,HIDE_QUATERNION_EDIT=35,PASSWORD=36,TOOL_BUTTON=39,ONESHOT=40,GROUP_ENABLE=42,INPUT_NAME=43,FILE_PATH=44,MAX=45
E	PropertyUsageFlags	net.multigesture.kanama.api.PropertyUsageFlags	bitfield	NONE=0,STORAGE=2,EDITOR=4,INTERNAL=8,CHECKABLE=16,CHECKED=32,GROUP=64,CATEGORY=128,SUBGROUP=256,CLASS_IS_BITFIELD=512,NO_INSTANCE_STATE=1024,RESTART_IF_CHANGED=2048,SCRIPT_VARIABLE=4096,STORE_IF_NULL=8192,UPDATE_ALL_IF_MODIFIED=16384,SCRIPT_DEFAULT_VALUE=32768,CLASS_IS_ENUM=65536,NIL_IS_VARIANT=131072,ARRAY=262144,ALWAYS_DUPLICATE=524288,NEVER_DUPLICATE=1048576,HIGH_END_GFX=2097152,NODE_PATH_FROM_SCENE_ROOT=4194304,RESOURCE_NOT_PERSISTENT=8388608,KEYING_INCREMENTS=16777216,DEFERRED_SET_RESOURCE=33554432,EDITOR_INSTANTIATE_OBJECT=67108864,EDITOR_BASIC_SETTING=134217728,READ_ONLY=268435456,SECRET=536870912,DEFAULT=6,NO_EDITOR=2
E	ReflectionProbe.AmbientMode	net.multigesture.kanama.api.ReflectionProbe.AmbientMode	enum	DISABLED=0,ENVIRONMENT=1,COLOR=2
E	ReflectionProbe.UpdateMode	net.multigesture.kanama.api.ReflectionProbe.UpdateMode	enum	ONCE=0,ALWAYS=1
E	RenderingDevice.AccelerationStructureFlagBits	net.multigesture.kanama.api.RenderingDevice.AccelerationStructureFlagBits	bitfield	ALLOW_UPDATE_BIT=1,ALLOW_COMPACTION_BIT=2,PREFER_FAST_TRACE_BIT=4,PREFER_FAST_BUILD_BIT=8,LOW_MEMORY_BIT=16
E	RenderingDevice.AccelerationStructureGeometryFlagBits	net.multigesture.kanama.api.RenderingDevice.AccelerationStructureGeometryFlagBits	bitfield	OPAQUE_BIT=1,NO_DUPLICATE_ANY_HIT_INVOCATION_BIT=2
E	RenderingDevice.AccelerationStructureInstanceFlagBits	net.multigesture.kanama.api.RenderingDevice.AccelerationStructureInstanceFlagBits	bitfield	TRIANGLE_FACING_CULL_DISABLE_BIT=1,TRIANGLE_FLIP_FACING_BIT=2,FORCE_OPAQUE_BIT=4,FORCE_NO_OPAQUE_BIT=8
E	RenderingDevice.BarrierMask	net.multigesture.kanama.api.RenderingDevice.BarrierMask	bitfield	VERTEX=1,FRAGMENT=8,COMPUTE=2,TRANSFER=4,RASTER=9,ALL_BARRIERS=32767,NO_BARRIER=32768
E	RenderingDevice.BlendFactor	net.multigesture.kanama.api.RenderingDevice.BlendFactor	enum	ZERO=0,ONE=1,SRC_COLOR=2,ONE_MINUS_SRC_COLOR=3,DST_COLOR=4,ONE_MINUS_DST_COLOR=5,SRC_ALPHA=6,ONE_MINUS_SRC_ALPHA=7,DST_ALPHA=8,ONE_MINUS_DST_ALPHA=9,CONSTANT_COLOR=10,ONE_MINUS_CONSTANT_COLOR=11,CONSTANT_ALPHA=12,ONE_MINUS_CONSTANT_ALPHA=13,SRC_ALPHA_SATURATE=14,SRC1_COLOR=15,ONE_MINUS_SRC1_COLOR=16,SRC1_ALPHA=17,ONE_MINUS_SRC1_ALPHA=18,MAX=19
E	RenderingDevice.BlendOperation	net.multigesture.kanama.api.RenderingDevice.BlendOperation	enum	ADD=0,SUBTRACT=1,REVERSE_SUBTRACT=2,MINIMUM=3,MAXIMUM=4,MAX=5
E	RenderingDevice.BreadcrumbMarker	net.multigesture.kanama.api.RenderingDevice.BreadcrumbMarker	enum	NONE=0,REFLECTION_PROBES=65536,SKY_PASS=131072,LIGHTMAPPER_PASS=196608,SHADOW_PASS_DIRECTIONAL=262144,SHADOW_PASS_CUBE=327680,OPAQUE_PASS=393216,ALPHA_PASS=458752,TRANSPARENT_PASS=524288,POST_PROCESSING_PASS=589824,BLIT_PASS=655360,UI_PASS=720896,DEBUG_PASS=786432
E	RenderingDevice.BufferCreationBits	net.multigesture.kanama.api.RenderingDevice.BufferCreationBits	bitfield	DEVICE_ADDRESS_BIT=1,AS_STORAGE_BIT=2,ACCELERATION_STRUCTURE_BUILD_INPUT_READ_ONLY_BIT=8
E	RenderingDevice.CompareOperator	net.multigesture.kanama.api.RenderingDevice.CompareOperator	enum	NEVER=0,LESS=1,EQUAL=2,LESS_OR_EQUAL=3,GREATER=4,NOT_EQUAL=5,GREATER_OR_EQUAL=6,ALWAYS=7,MAX=8
E	RenderingDevice.DataFormat	net.multigesture.kanama.api.RenderingDevice.DataFormat	enum	R4G4_UNORM_PACK8=0,R4G4B4A4_UNORM_PACK16=1,B4G4R4A4_UNORM_PACK16=2,R5G6B5_UNORM_PACK16=3,B5G6R5_UNORM_PACK16=4,R5G5B5A1_UNORM_PACK16=5,B5G5R5A1_UNORM_PACK16=6,A1R5G5B5_UNORM_PACK16=7,R8_UNORM=8,R8_SNORM=9,R8_USCALED=10,R8_SSCALED=11,R8_UINT=12,R8_SINT=13,R8_SRGB=14,R8G8_UNORM=15,R8G8_SNORM=16,R8G8_USCALED=17,R8G8_SSCALED=18,R8G8_UINT=19,R8G8_SINT=20,R8G8_SRGB=21,R8G8B8_UNORM=22,R8G8B8_SNORM=23,R8G8B8_USCALED=24,R8G8B8_SSCALED=25,R8G8B8_UINT=26,R8G8B8_SINT=27,R8G8B8_SRGB=28,B8G8R8_UNORM=29,B8G8R8_SNORM=30,B8G8R8_USCALED=31,B8G8R8_SSCALED=32,B8G8R8_UINT=33,B8G8R8_SINT=34,B8G8R8_SRGB=35,R8G8B8A8_UNORM=36,R8G8B8A8_SNORM=37,R8G8B8A8_USCALED=38,R8G8B8A8_SSCALED=39,R8G8B8A8_UINT=40,R8G8B8A8_SINT=41,R8G8B8A8_SRGB=42,B8G8R8A8_UNORM=43,B8G8R8A8_SNORM=44,B8G8R8A8_USCALED=45,B8G8R8A8_SSCALED=46,B8G8R8A8_UINT=47,B8G8R8A8_SINT=48,B8G8R8A8_SRGB=49,A8B8G8R8_UNORM_PACK32=50,A8B8G8R8_SNORM_PACK32=51,A8B8G8R8_USCALED_PACK32=52,A8B8G8R8_SSCALED_PACK32=53,A8B8G8R8_UINT_PACK32=54,A8B8G8R8_SINT_PACK32=55,A8B8G8R8_SRGB_PACK32=56,A2R10G10B10_UNORM_PACK32=57,A2R10G10B10_SNORM_PACK32=58,A2R10G10B10_USCALED_PACK32=59,A2R10G10B10_SSCALED_PACK32=60,A2R10G10B10_UINT_PACK32=61,A2R10G10B10_SINT_PACK32=62,A2B10G10R10_UNORM_PACK32=63,A2B10G10R10_SNORM_PACK32=64,A2B10G10R10_USCALED_PACK32=65,A2B10G10R10_SSCALED_PACK32=66,A2B10G10R10_UINT_PACK32=67,A2B10G10R10_SINT_PACK32=68,R16_UNORM=69,R16_SNORM=70,R16_USCALED=71,R16_SSCALED=72,R16_UINT=73,R16_SINT=74,R16_SFLOAT=75,R16G16_UNORM=76,R16G16_SNORM=77,R16G16_USCALED=78,R16G16_SSCALED=79,R16G16_UINT=80,R16G16_SINT=81,R16G16_SFLOAT=82,R16G16B16_UNORM=83,R16G16B16_SNORM=84,R16G16B16_USCALED=85,R16G16B16_SSCALED=86,R16G16B16_UINT=87,R16G16B16_SINT=88,R16G16B16_SFLOAT=89,R16G16B16A16_UNORM=90,R16G16B16A16_SNORM=91,R16G16B16A16_USCALED=92,R16G16B16A16_SSCALED=93,R16G16B16A16_UINT=94,R16G16B16A16_SINT=95,R16G16B16A16_SFLOAT=96,R32_UINT=97,R32_SINT=98,R32_SFLOAT=99,R32G32_UINT=100,R32G32_SINT=101,R32G32_SFLOAT=102,R32G32B32_UINT=103,R32G32B32_SINT=104,R32G32B32_SFLOAT=105,R32G32B32A32_UINT=106,R32G32B32A32_SINT=107,R32G32B32A32_SFLOAT=108,R64_UINT=109,R64_SINT=110,R64_SFLOAT=111,R64G64_UINT=112,R64G64_SINT=113,R64G64_SFLOAT=114,R64G64B64_UINT=115,R64G64B64_SINT=116,R64G64B64_SFLOAT=117,R64G64B64A64_UINT=118,R64G64B64A64_SINT=119,R64G64B64A64_SFLOAT=120,B10G11R11_UFLOAT_PACK32=121,E5B9G9R9_UFLOAT_PACK32=122,D16_UNORM=123,X8_D24_UNORM_PACK32=124,D32_SFLOAT=125,S8_UINT=126,D16_UNORM_S8_UINT=127,D24_UNORM_S8_UINT=128,D32_SFLOAT_S8_UINT=129,BC1_RGB_UNORM_BLOCK=130,BC1_RGB_SRGB_BLOCK=131,BC1_RGBA_UNORM_BLOCK=132,BC1_RGBA_SRGB_BLOCK=133,BC2_UNORM_BLOCK=134,BC2_SRGB_BLOCK=135,BC3_UNORM_BLOCK=136,BC3_SRGB_BLOCK=137,BC4_UNORM_BLOCK=138,BC4_SNORM_BLOCK=139,BC5_UNORM_BLOCK=140,BC5_SNORM_BLOCK=141,BC6H_UFLOAT_BLOCK=142,BC6H_SFLOAT_BLOCK=143,BC7_UNORM_BLOCK=144,BC7_SRGB_BLOCK=145,ETC2_R8G8B8_UNORM_BLOCK=146,ETC2_R8G8B8_SRGB_BLOCK=147,ETC2_R8G8B8A1_UNORM_BLOCK=148,ETC2_R8G8B8A1_SRGB_BLOCK=149,ETC2_R8G8B8A8_UNORM_BLOCK=150,ETC2_R8G8B8A8_SRGB_BLOCK=151,EAC_R11_UNORM_BLOCK=152,EAC_R11_SNORM_BLOCK=153,EAC_R11G11_UNORM_BLOCK=154,EAC_R11G11_SNORM_BLOCK=155,ASTC_4x4_UNORM_BLOCK=156,ASTC_4x4_SRGB_BLOCK=157,ASTC_5x4_UNORM_BLOCK=158,ASTC_5x4_SRGB_BLOCK=159,ASTC_5x5_UNORM_BLOCK=160,ASTC_5x5_SRGB_BLOCK=161,ASTC_6x5_UNORM_BLOCK=162,ASTC_6x5_SRGB_BLOCK=163,ASTC_6x6_UNORM_BLOCK=164,ASTC_6x6_SRGB_BLOCK=165,ASTC_8x5_UNORM_BLOCK=166,ASTC_8x5_SRGB_BLOCK=167,ASTC_8x6_UNORM_BLOCK=168,ASTC_8x6_SRGB_BLOCK=169,ASTC_8x8_UNORM_BLOCK=170,ASTC_8x8_SRGB_BLOCK=171,ASTC_10x5_UNORM_BLOCK=172,ASTC_10x5_SRGB_BLOCK=173,ASTC_10x6_UNORM_BLOCK=174,ASTC_10x6_SRGB_BLOCK=175,ASTC_10x8_UNORM_BLOCK=176,ASTC_10x8_SRGB_BLOCK=177,ASTC_10x10_UNORM_BLOCK=178,ASTC_10x10_SRGB_BLOCK=179,ASTC_12x10_UNORM_BLOCK=180,ASTC_12x10_SRGB_BLOCK=181,ASTC_12x12_UNORM_BLOCK=182,ASTC_12x12_SRGB_BLOCK=183,G8B8G8R8_422_UNORM=184,B8G8R8G8_422_UNORM=185,G8_B8_R8_3PLANE_420_UNORM=186,G8_B8R8_2PLANE_420_UNORM=187,G8_B8_R8_3PLANE_422_UNORM=188,G8_B8R8_2PLANE_422_UNORM=189,G8_B8_R8_3PLANE_444_UNORM=190,R10X6_UNORM_PACK16=191,R10X6G10X6_UNORM_2PACK16=192,R10X6G10X6B10X6A10X6_UNORM_4PACK16=193,G10X6B10X6G10X6R10X6_422_UNORM_4PACK16=194,B10X6G10X6R10X6G10X6_422_UNORM_4PACK16=195,G10X6_B10X6_R10X6_3PLANE_420_UNORM_3PACK16=196,G10X6_B10X6R10X6_2PLANE_420_UNORM_3PACK16=197,G10X6_B10X6_R10X6_3PLANE_422_UNORM_3PACK16=198,G10X6_B10X6R10X6_2PLANE_422_UNORM_3PACK16=199,G10X6_B10X6_R10X6_3PLANE_444_UNORM_3PACK16=200,R12X4_UNORM_PACK16=201,R12X4G12X4_UNORM_2PACK16=202,R12X4G12X4B12X4A12X4_UNORM_4PACK16=203,G12X4B12X4G12X4R12X4_422_UNORM_4PACK16=204,B12X4G12X4R12X4G12X4_422_UNORM_4PACK16=205,G12X4_B12X4_R12X4_3PLANE_420_UNORM_3PACK16=206,G12X4_B12X4R12X4_2PLANE_420_UNORM_3PACK16=207,G12X4_B12X4_R12X4_3PLANE_422_UNORM_3PACK16=208,G12X4_B12X4R12X4_2PLANE_422_UNORM_3PACK16=209,G12X4_B12X4_R12X4_3PLANE_444_UNORM_3PACK16=210,G16B16G16R16_422_UNORM=211,B16G16R16G16_422_UNORM=212,G16_B16_R16_3PLANE_420_UNORM=213,G16_B16R16_2PLANE_420_UNORM=214,G16_B16_R16_3PLANE_422_UNORM=215,G16_B16R16_2PLANE_422_UNORM=216,G16_B16_R16_3PLANE_444_UNORM=217,ASTC_4x4_SFLOAT_BLOCK=218,ASTC_5x4_SFLOAT_BLOCK=219,ASTC_5x5_SFLOAT_BLOCK=220,ASTC_6x5_SFLOAT_BLOCK=221,ASTC_6x6_SFLOAT_BLOCK=222,ASTC_8x5_SFLOAT_BLOCK=223,ASTC_8x6_SFLOAT_BLOCK=224,ASTC_8x8_SFLOAT_BLOCK=225,ASTC_10x5_SFLOAT_BLOCK=226,ASTC_10x6_SFLOAT_BLOCK=227,ASTC_10x8_SFLOAT_BLOCK=228,ASTC_10x10_SFLOAT_BLOCK=229,ASTC_12x10_SFLOAT_BLOCK=230,ASTC_12x12_SFLOAT_BLOCK=231,MAX=232
E	RenderingDevice.DeviceType	net.multigesture.kanama.api.RenderingDevice.DeviceType	enum	OTHER=0,INTEGRATED_GPU=1,DISCRETE_GPU=2,VIRTUAL_GPU=3,CPU=4,MAX=5
E	RenderingDevice.DrawFlags	net.multigesture.kanama.api.RenderingDevice.DrawFlags	bitfield	DEFAULT_ALL=0,CLEAR_COLOR_0=1,CLEAR_COLOR_1=2,CLEAR_COLOR_2=4,CLEAR_COLOR_3=8,CLEAR_COLOR_4=16,CLEAR_COLOR_5=32,CLEAR_COLOR_6=64,CLEAR_COLOR_7=128,CLEAR_COLOR_MASK=255,CLEAR_COLOR_ALL=255,IGNORE_COLOR_0=256,IGNORE_COLOR_1=512,IGNORE_COLOR_2=1024,IGNORE_COLOR_3=2048,IGNORE_COLOR_4=4096,IGNORE_COLOR_5=8192,IGNORE_COLOR_6=16384,IGNORE_COLOR_7=32768,IGNORE_COLOR_MASK=65280,IGNORE_COLOR_ALL=65280,CLEAR_DEPTH=65536,IGNORE_DEPTH=131072,CLEAR_STENCIL=262144,IGNORE_STENCIL=524288,CLEAR_ALL=327935,IGNORE_ALL=720640
E	RenderingDevice.DriverResource	net.multigesture.kanama.api.RenderingDevice.DriverResource	enum	LOGICAL_DEVICE=0,PHYSICAL_DEVICE=1,TOPMOST_OBJECT=2,COMMAND_QUEUE=3,QUEUE_FAMILY=4,TEXTURE=5,TEXTURE_VIEW=6,TEXTURE_DATA_FORMAT=7,SAMPLER=8,UNIFORM_SET=9,BUFFER=10,COMPUTE_PIPELINE=11,RENDER_PIPELINE=12,VULKAN_DEVICE=0,VULKAN_PHYSICAL_DEVICE=1,VULKAN_INSTANCE=2,VULKAN_QUEUE=3,VULKAN_QUEUE_FAMILY_INDEX=4,VULKAN_IMAGE=5,VULKAN_IMAGE_VIEW=6,VULKAN_IMAGE_NATIVE_TEXTURE_FORMAT=7,VULKAN_SAMPLER=8,VULKAN_DESCRIPTOR_SET=9,VULKAN_BUFFER=10,VULKAN_COMPUTE_PIPELINE=11,VULKAN_RENDER_PIPELINE=12
E	RenderingDevice.Features	net.multigesture.kanama.api.RenderingDevice.Features	enum	METALFX_SPATIAL=3,METALFX_TEMPORAL=4,BUFFER_DEVICE_ADDRESS=6,IMAGE_ATOMIC_32_BIT=7,RAY_QUERY=11,RAYTRACING_PIPELINE=12,HDR_OUTPUT=13
E	RenderingDevice.FinalAction	net.multigesture.kanama.api.RenderingDevice.FinalAction	enum	STORE=0,DISCARD=1,MAX=2,READ=0,CONTINUE=0
E	RenderingDevice.IndexBufferFormat	net.multigesture.kanama.api.RenderingDevice.IndexBufferFormat	enum	UINT16=0,UINT32=1
E	RenderingDevice.InitialAction	net.multigesture.kanama.api.RenderingDevice.InitialAction	enum	LOAD=0,CLEAR=1,DISCARD=2,MAX=3,CLEAR_REGION=1,CLEAR_REGION_CONTINUE=1,KEEP=0,DROP=2,CONTINUE=0
E	RenderingDevice.Limit	net.multigesture.kanama.api.RenderingDevice.Limit	enum	MAX_BOUND_UNIFORM_SETS=0,MAX_FRAMEBUFFER_COLOR_ATTACHMENTS=1,MAX_TEXTURES_PER_UNIFORM_SET=2,MAX_SAMPLERS_PER_UNIFORM_SET=3,MAX_STORAGE_BUFFERS_PER_UNIFORM_SET=4,MAX_STORAGE_IMAGES_PER_UNIFORM_SET=5,MAX_UNIFORM_BUFFERS_PER_UNIFORM_SET=6,MAX_DRAW_INDEXED_INDEX=7,MAX_FRAMEBUFFER_HEIGHT=8,MAX_FRAMEBUFFER_WIDTH=9,MAX_TEXTURE_ARRAY_LAYERS=10,MAX_TEXTURE_SIZE_1D=11,MAX_TEXTURE_SIZE_2D=12,MAX_TEXTURE_SIZE_3D=13,MAX_TEXTURE_SIZE_CUBE=14,MAX_TEXTURES_PER_SHADER_STAGE=15,MAX_SAMPLERS_PER_SHADER_STAGE=16,MAX_STORAGE_BUFFERS_PER_SHADER_STAGE=17,MAX_STORAGE_IMAGES_PER_SHADER_STAGE=18,MAX_UNIFORM_BUFFERS_PER_SHADER_STAGE=19,MAX_PUSH_CONSTANT_SIZE=20,MAX_UNIFORM_BUFFER_SIZE=21,MAX_VERTEX_INPUT_ATTRIBUTE_OFFSET=22,MAX_VERTEX_INPUT_ATTRIBUTES=23,MAX_VERTEX_INPUT_BINDINGS=24,MAX_VERTEX_INPUT_BINDING_STRIDE=25,MIN_UNIFORM_BUFFER_OFFSET_ALIGNMENT=26,MAX_COMPUTE_SHARED_MEMORY_SIZE=27,MAX_COMPUTE_WORKGROUP_COUNT_X=28,MAX_COMPUTE_WORKGROUP_COUNT_Y=29,MAX_COMPUTE_WORKGROUP_COUNT_Z=30,MAX_COMPUTE_WORKGROUP_INVOCATIONS=31,MAX_COMPUTE_WORKGROUP_SIZE_X=32,MAX_COMPUTE_WORKGROUP_SIZE_Y=33,MAX_COMPUTE_WORKGROUP_SIZE_Z=34,MAX_VIEWPORT_DIMENSIONS_X=35,MAX_VIEWPORT_DIMENSIONS_Y=36,METALFX_TEMPORAL_SCALER_MIN_SCALE=46,METALFX_TEMPORAL_SCALER_MAX_SCALE=47
E	RenderingDevice.LogicOperation	net.multigesture.kanama.api.RenderingDevice.LogicOperation	enum	CLEAR=0,AND=1,AND_REVERSE=2,COPY=3,AND_INVERTED=4,NO_OP=5,XOR=6,OR=7,NOR=8,EQUIVALENT=9,INVERT=10,OR_REVERSE=11,COPY_INVERTED=12,OR_INVERTED=13,NAND=14,SET=15,MAX=16
E	RenderingDevice.MemoryType	net.multigesture.kanama.api.RenderingDevice.MemoryType	enum	TEXTURES=0,BUFFERS=1,TOTAL=2
E	RenderingDevice.PipelineDynamicStateFlags	net.multigesture.kanama.api.RenderingDevice.PipelineDynamicStateFlags	bitfield	LINE_WIDTH=1,DEPTH_BIAS=2,BLEND_CONSTANTS=4,DEPTH_BOUNDS=8,STENCIL_COMPARE_MASK=16,STENCIL_WRITE_MASK=32,STENCIL_REFERENCE=64
E	RenderingDevice.PipelineSpecializationConstantType	net.multigesture.kanama.api.RenderingDevice.PipelineSpecializationConstantType	enum	BOOL=0,INT=1,FLOAT=2
E	RenderingDevice.PolygonCullMode	net.multigesture.kanama.api.RenderingDevice.PolygonCullMode	enum	DISABLED=0,FRONT=1,BACK=2
E	RenderingDevice.PolygonFrontFace	net.multigesture.kanama.api.RenderingDevice.PolygonFrontFace	enum	CLOCKWISE=0,COUNTER_CLOCKWISE=1
E	RenderingDevice.RenderPrimitive	net.multigesture.kanama.api.RenderingDevice.RenderPrimitive	enum	POINTS=0,LINES=1,LINES_WITH_ADJACENCY=2,LINESTRIPS=3,LINESTRIPS_WITH_ADJACENCY=4,TRIANGLES=5,TRIANGLES_WITH_ADJACENCY=6,TRIANGLE_STRIPS=7,TRIANGLE_STRIPS_WITH_AJACENCY=8,TRIANGLE_STRIPS_WITH_RESTART_INDEX=9,TESSELATION_PATCH=10,MAX=11
E	RenderingDevice.SamplerBorderColor	net.multigesture.kanama.api.RenderingDevice.SamplerBorderColor	enum	FLOAT_TRANSPARENT_BLACK=0,INT_TRANSPARENT_BLACK=1,FLOAT_OPAQUE_BLACK=2,INT_OPAQUE_BLACK=3,FLOAT_OPAQUE_WHITE=4,INT_OPAQUE_WHITE=5,MAX=6
E	RenderingDevice.SamplerFilter	net.multigesture.kanama.api.RenderingDevice.SamplerFilter	enum	NEAREST=0,LINEAR=1
E	RenderingDevice.SamplerRepeatMode	net.multigesture.kanama.api.RenderingDevice.SamplerRepeatMode	enum	REPEAT=0,MIRRORED_REPEAT=1,CLAMP_TO_EDGE=2,CLAMP_TO_BORDER=3,MIRROR_CLAMP_TO_EDGE=4,MAX=5
E	RenderingDevice.ShaderLanguage	net.multigesture.kanama.api.RenderingDevice.ShaderLanguage	enum	GLSL=0,HLSL=1
E	RenderingDevice.ShaderStage	net.multigesture.kanama.api.RenderingDevice.ShaderStage	enum	VERTEX=0,FRAGMENT=1,TESSELATION_CONTROL=2,TESSELATION_EVALUATION=3,COMPUTE=4,RAYGEN=5,ANY_HIT=6,CLOSEST_HIT=7,MISS=8,INTERSECTION=9,MAX=10,VERTEX_BIT=1,FRAGMENT_BIT=2,TESSELATION_CONTROL_BIT=4,TESSELATION_EVALUATION_BIT=8,COMPUTE_BIT=16,RAYGEN_BIT=32,ANY_HIT_BIT=64,CLOSEST_HIT_BIT=128,MISS_BIT=256,INTERSECTION_BIT=512
E	RenderingDevice.StencilOperation	net.multigesture.kanama.api.RenderingDevice.StencilOperation	enum	KEEP=0,ZERO=1,REPLACE=2,INCREMENT_AND_CLAMP=3,DECREMENT_AND_CLAMP=4,INVERT=5,INCREMENT_AND_WRAP=6,DECREMENT_AND_WRAP=7,MAX=8
E	RenderingDevice.StorageBufferUsage	net.multigesture.kanama.api.RenderingDevice.StorageBufferUsage	bitfield	INDIRECT=1
E	RenderingDevice.TextureSamples	net.multigesture.kanama.api.RenderingDevice.TextureSamples	enum	SAMPLES_1=0,SAMPLES_2=1,SAMPLES_4=2,SAMPLES_8=3,SAMPLES_16=4,SAMPLES_32=5,SAMPLES_64=6,MAX=7
E	RenderingDevice.TextureSliceType	net.multigesture.kanama.api.RenderingDevice.TextureSliceType	enum	SLICE_2D=0,CUBEMAP=1,SLICE_3D=2
E	RenderingDevice.TextureSwizzle	net.multigesture.kanama.api.RenderingDevice.TextureSwizzle	enum	IDENTITY=0,ZERO=1,ONE=2,R=3,G=4,B=5,A=6,MAX=7
E	RenderingDevice.TextureType	net.multigesture.kanama.api.RenderingDevice.TextureType	enum	TYPE_1D=0,TYPE_2D=1,TYPE_3D=2,CUBE=3,TYPE_1D_ARRAY=4,TYPE_2D_ARRAY=5,CUBE_ARRAY=6,MAX=7
E	RenderingDevice.TextureUsageBits	net.multigesture.kanama.api.RenderingDevice.TextureUsageBits	bitfield	SAMPLING_BIT=1,COLOR_ATTACHMENT_BIT=2,DEPTH_STENCIL_ATTACHMENT_BIT=4,DEPTH_RESOLVE_ATTACHMENT_BIT=4096,STORAGE_BIT=8,STORAGE_ATOMIC_BIT=16,CPU_READ_BIT=32,CAN_UPDATE_BIT=64,CAN_COPY_FROM_BIT=128,CAN_COPY_TO_BIT=256,INPUT_ATTACHMENT_BIT=512
E	RenderingDevice.UniformType	net.multigesture.kanama.api.RenderingDevice.UniformType	enum	SAMPLER=0,SAMPLER_WITH_TEXTURE=1,TEXTURE=2,IMAGE=3,TEXTURE_BUFFER=4,SAMPLER_WITH_TEXTURE_BUFFER=5,IMAGE_BUFFER=6,UNIFORM_BUFFER=7,STORAGE_BUFFER=8,INPUT_ATTACHMENT=9,UNIFORM_BUFFER_DYNAMIC=10,STORAGE_BUFFER_DYNAMIC=11,ACCELERATION_STRUCTURE=12,MAX=13
E	RenderingDevice.VertexFrequency	net.multigesture.kanama.api.RenderingDevice.VertexFrequency	enum	VERTEX=0,INSTANCE=1
E	RenderingServer.ArrayCustomFormat	net.multigesture.kanama.api.RenderingServer.ArrayCustomFormat	enum	RGBA8_UNORM=0,RGBA8_SNORM=1,RG_HALF=2,RGBA_HALF=3,R_FLOAT=4,RG_FLOAT=5,RGB_FLOAT=6,RGBA_FLOAT=7,MAX=8
E	RenderingServer.ArrayFormat	net.multigesture.kanama.api.RenderingServer.ArrayFormat	bitfield	FORMAT_VERTEX=1,FORMAT_NORMAL=2,FORMAT_TANGENT=4,FORMAT_COLOR=8,FORMAT_TEX_UV=16,FORMAT_TEX_UV2=32,FORMAT_CUSTOM0=64,FORMAT_CUSTOM1=128,FORMAT_CUSTOM2=256,FORMAT_CUSTOM3=512,FORMAT_BONES=1024,FORMAT_WEIGHTS=2048,FORMAT_INDEX=4096,FORMAT_BLEND_SHAPE_MASK=7,FORMAT_CUSTOM_BASE=13,FORMAT_CUSTOM_BITS=3,FORMAT_CUSTOM0_SHIFT=13,FORMAT_CUSTOM1_SHIFT=16,FORMAT_CUSTOM2_SHIFT=19,FORMAT_CUSTOM3_SHIFT=22,FORMAT_CUSTOM_MASK=7,COMPRESS_FLAGS_BASE=25,FLAG_USE_2D_VERTICES=33554432,FLAG_USE_DYNAMIC_UPDATE=67108864,FLAG_USE_8_BONE_WEIGHTS=134217728,FLAG_USES_EMPTY_VERTEX_ARRAY=268435456,FLAG_COMPRESS_ATTRIBUTES=536870912,FLAG_FORMAT_VERSION_BASE=35,FLAG_FORMAT_VERSION_SHIFT=35,FLAG_FORMAT_VERSION_1=0,FLAG_FORMAT_VERSION_2=34359738368,FLAG_FORMAT_CURRENT_VERSION=34359738368,FLAG_FORMAT_VERSION_MASK=255
E	RenderingServer.ArrayType	net.multigesture.kanama.api.RenderingServer.ArrayType	enum	VERTEX=0,NORMAL=1,TANGENT=2,COLOR=3,TEX_UV=4,TEX_UV2=5,CUSTOM0=6,CUSTOM1=7,CUSTOM2=8,CUSTOM3=9,BONES=10,WEIGHTS=11,INDEX=12,MAX=13
E	RenderingServer.BakeChannels	net.multigesture.kanama.api.RenderingServer.BakeChannels	enum	ALBEDO_ALPHA=0,NORMAL=1,ORM=2,EMISSION=3
E	RenderingServer.BlendShapeMode	net.multigesture.kanama.api.RenderingServer.BlendShapeMode	enum	NORMALIZED=0,RELATIVE=1
E	RenderingServer.CanvasGroupMode	net.multigesture.kanama.api.RenderingServer.CanvasGroupMode	enum	DISABLED=0,CLIP_ONLY=1,CLIP_AND_DRAW=2,TRANSPARENT=3
E	RenderingServer.CanvasItemTextureFilter	net.multigesture.kanama.api.RenderingServer.CanvasItemTextureFilter	enum	DEFAULT=0,NEAREST=1,LINEAR=2,NEAREST_WITH_MIPMAPS=3,LINEAR_WITH_MIPMAPS=4,NEAREST_WITH_MIPMAPS_ANISOTROPIC=5,LINEAR_WITH_MIPMAPS_ANISOTROPIC=6,MAX=7
E	RenderingServer.CanvasItemTextureRepeat	net.multigesture.kanama.api.RenderingServer.CanvasItemTextureRepeat	enum	DEFAULT=0,DISABLED=1,ENABLED=2,MIRROR=3,MAX=4
E	RenderingServer.CanvasLightBlendMode	net.multigesture.kanama.api.RenderingServer.CanvasLightBlendMode	enum	ADD=0,SUB=1,MIX=2
E	RenderingServer.CanvasLightMode	net.multigesture.kanama.api.RenderingServer.CanvasLightMode	enum	POINT=0,DIRECTIONAL=1
E	RenderingServer.CanvasLightShadowFilter	net.multigesture.kanama.api.RenderingServer.CanvasLightShadowFilter	enum	NONE=0,PCF5=1,PCF13=2,MAX=3
E	RenderingServer.CanvasOccluderPolygonCullMode	net.multigesture.kanama.api.RenderingServer.CanvasOccluderPolygonCullMode	enum	DISABLED=0,CLOCKWISE=1,COUNTER_CLOCKWISE=2
E	RenderingServer.CanvasTextureChannel	net.multigesture.kanama.api.RenderingServer.CanvasTextureChannel	enum	DIFFUSE=0,NORMAL=1,SPECULAR=2
E	RenderingServer.CompositorEffectCallbackType	net.multigesture.kanama.api.RenderingServer.CompositorEffectCallbackType	enum	PRE_OPAQUE=0,POST_OPAQUE=1,POST_SKY=2,PRE_TRANSPARENT=3,POST_TRANSPARENT=4,ANY=-1
E	RenderingServer.CompositorEffectFlags	net.multigesture.kanama.api.RenderingServer.CompositorEffectFlags	enum	ACCESS_RESOLVED_COLOR=1,ACCESS_RESOLVED_DEPTH=2,NEEDS_MOTION_VECTORS=4,NEEDS_ROUGHNESS=8,NEEDS_SEPARATE_SPECULAR=16
E	RenderingServer.CubeMapLayer	net.multigesture.kanama.api.RenderingServer.CubeMapLayer	enum	LEFT=0,RIGHT=1,BOTTOM=2,TOP=3,FRONT=4,BACK=5
E	RenderingServer.DOFBlurQuality	net.multigesture.kanama.api.RenderingServer.DOFBlurQuality	enum	VERY_LOW=0,LOW=1,MEDIUM=2,HIGH=3
E	RenderingServer.DOFBokehShape	net.multigesture.kanama.api.RenderingServer.DOFBokehShape	enum	BOX=0,HEXAGON=1,CIRCLE=2
E	RenderingServer.DecalFilter	net.multigesture.kanama.api.RenderingServer.DecalFilter	enum	NEAREST=0,LINEAR=1,NEAREST_MIPMAPS=2,LINEAR_MIPMAPS=3,NEAREST_MIPMAPS_ANISOTROPIC=4,LINEAR_MIPMAPS_ANISOTROPIC=5
E	RenderingServer.DecalTexture	net.multigesture.kanama.api.RenderingServer.DecalTexture	enum	ALBEDO=0,NORMAL=1,ORM=2,EMISSION=3,MAX=4
E	RenderingServer.EnvironmentAmbientSource	net.multigesture.kanama.api.RenderingServer.EnvironmentAmbientSource	enum	BG=0,DISABLED=1,COLOR=2,SKY=3
E	RenderingServer.EnvironmentBG	net.multigesture.kanama.api.RenderingServer.EnvironmentBG	enum	CLEAR_COLOR=0,COLOR=1,SKY=2,CANVAS=3,KEEP=4,CAMERA_FEED=5,MAX=6
E	RenderingServer.EnvironmentFogMode	net.multigesture.kanama.api.RenderingServer.EnvironmentFogMode	enum	EXPONENTIAL=0,DEPTH=1
E	RenderingServer.EnvironmentGlowBlendMode	net.multigesture.kanama.api.RenderingServer.EnvironmentGlowBlendMode	enum	ADDITIVE=0,SCREEN=1,SOFTLIGHT=2,REPLACE=3,MIX=4
E	RenderingServer.EnvironmentReflectionSource	net.multigesture.kanama.api.RenderingServer.EnvironmentReflectionSource	enum	BG=0,DISABLED=1,SKY=2
E	RenderingServer.EnvironmentSDFGIFramesToConverge	net.multigesture.kanama.api.RenderingServer.EnvironmentSDFGIFramesToConverge	enum	IN_5_FRAMES=0,IN_10_FRAMES=1,IN_15_FRAMES=2,IN_20_FRAMES=3,IN_25_FRAMES=4,IN_30_FRAMES=5,MAX=6
E	RenderingServer.EnvironmentSDFGIFramesToUpdateLight	net.multigesture.kanama.api.RenderingServer.EnvironmentSDFGIFramesToUpdateLight	enum	IN_1_FRAME=0,IN_2_FRAMES=1,IN_4_FRAMES=2,IN_8_FRAMES=3,IN_16_FRAMES=4,MAX=5
E	RenderingServer.EnvironmentSDFGIRayCount	net.multigesture.kanama.api.RenderingServer.EnvironmentSDFGIRayCount	enum	COUNT_4=0,COUNT_8=1,COUNT_16=2,COUNT_32=3,COUNT_64=4,COUNT_96=5,COUNT_128=6,MAX=7
E	RenderingServer.EnvironmentSDFGIYScale	net.multigesture.kanama.api.RenderingServer.EnvironmentSDFGIYScale	enum	SCALE_50_PERCENT=0,SCALE_75_PERCENT=1,SCALE_100_PERCENT=2
E	RenderingServer.EnvironmentSSAOQuality	net.multigesture.kanama.api.RenderingServer.EnvironmentSSAOQuality	enum	VERY_LOW=0,LOW=1,MEDIUM=2,HIGH=3,ULTRA=4
E	RenderingServer.EnvironmentSSILQuality	net.multigesture.kanama.api.RenderingServer.EnvironmentSSILQuality	enum	VERY_LOW=0,LOW=1,MEDIUM=2,HIGH=3,ULTRA=4
E	RenderingServer.EnvironmentSSRRoughnessQuality	net.multigesture.kanama.api.RenderingServer.EnvironmentSSRRoughnessQuality	enum	DISABLED=0,LOW=1,MEDIUM=2,HIGH=3
E	RenderingServer.EnvironmentToneMapper	net.multigesture.kanama.api.RenderingServer.EnvironmentToneMapper	enum	LINEAR=0,REINHARD=1,FILMIC=2,ACES=3,AGX=4
E	RenderingServer.Features	net.multigesture.kanama.api.RenderingServer.Features	enum	SHADERS=0,MULTITHREADED=1
E	RenderingServer.FogVolumeShape	net.multigesture.kanama.api.RenderingServer.FogVolumeShape	enum	ELLIPSOID=0,CONE=1,CYLINDER=2,BOX=3,WORLD=4,MAX=5
E	RenderingServer.GlobalShaderParameterType	net.multigesture.kanama.api.RenderingServer.GlobalShaderParameterType	enum	BOOL=0,BVEC2=1,BVEC3=2,BVEC4=3,INT=4,IVEC2=5,IVEC3=6,IVEC4=7,RECT2I=8,UINT=9,UVEC2=10,UVEC3=11,UVEC4=12,FLOAT=13,VEC2=14,VEC3=15,VEC4=16,COLOR=17,RECT2=18,MAT2=19,MAT3=20,MAT4=21,TRANSFORM_2D=22,TRANSFORM=23,SAMPLER2D=24,SAMPLER2DARRAY=25,SAMPLER3D=26,SAMPLERCUBE=27,SAMPLEREXT=28,MAX=29
E	RenderingServer.InstanceFlags	net.multigesture.kanama.api.RenderingServer.InstanceFlags	enum	USE_BAKED_LIGHT=0,USE_DYNAMIC_GI=1,DRAW_NEXT_FRAME_IF_VISIBLE=2,IGNORE_OCCLUSION_CULLING=3,MAX=4
E	RenderingServer.InstanceType	net.multigesture.kanama.api.RenderingServer.InstanceType	enum	NONE=0,MESH=1,MULTIMESH=2,PARTICLES=3,PARTICLES_COLLISION=4,LIGHT=5,REFLECTION_PROBE=6,DECAL=7,VOXEL_GI=8,LIGHTMAP=9,OCCLUDER=10,VISIBLITY_NOTIFIER=11,FOG_VOLUME=12,MAX=13,GEOMETRY_MASK=14
E	RenderingServer.LightBakeMode	net.multigesture.kanama.api.RenderingServer.LightBakeMode	enum	DISABLED=0,STATIC=1,DYNAMIC=2
E	RenderingServer.LightDirectionalShadowMode	net.multigesture.kanama.api.RenderingServer.LightDirectionalShadowMode	enum	ORTHOGONAL=0,PARALLEL_2_SPLITS=1,PARALLEL_4_SPLITS=2
E	RenderingServer.LightDirectionalSkyMode	net.multigesture.kanama.api.RenderingServer.LightDirectionalSkyMode	enum	LIGHT_AND_SKY=0,LIGHT_ONLY=1,SKY_ONLY=2
E	RenderingServer.LightOmniShadowMode	net.multigesture.kanama.api.RenderingServer.LightOmniShadowMode	enum	DUAL_PARABOLOID=0,CUBE=1
E	RenderingServer.LightParam	net.multigesture.kanama.api.RenderingServer.LightParam	enum	ENERGY=0,INDIRECT_ENERGY=1,VOLUMETRIC_FOG_ENERGY=2,SPECULAR=3,RANGE=4,SIZE=5,ATTENUATION=6,SPOT_ANGLE=7,SPOT_ATTENUATION=8,SHADOW_MAX_DISTANCE=9,SHADOW_SPLIT_1_OFFSET=10,SHADOW_SPLIT_2_OFFSET=11,SHADOW_SPLIT_3_OFFSET=12,SHADOW_FADE_START=13,SHADOW_NORMAL_BIAS=14,SHADOW_BIAS=15,SHADOW_PANCAKE_SIZE=16,SHADOW_OPACITY=17,SHADOW_BLUR=18,TRANSMITTANCE_BIAS=19,INTENSITY=20,MAX=21
E	RenderingServer.LightProjectorFilter	net.multigesture.kanama.api.RenderingServer.LightProjectorFilter	enum	NEAREST=0,LINEAR=1,NEAREST_MIPMAPS=2,LINEAR_MIPMAPS=3,NEAREST_MIPMAPS_ANISOTROPIC=4,LINEAR_MIPMAPS_ANISOTROPIC=5
E	RenderingServer.LightType	net.multigesture.kanama.api.RenderingServer.LightType	enum	DIRECTIONAL=0,OMNI=1,SPOT=2,AREA=3
E	RenderingServer.MultimeshPhysicsInterpolationQuality	net.multigesture.kanama.api.RenderingServer.MultimeshPhysicsInterpolationQuality	enum	FAST=0,HIGH=1
E	RenderingServer.MultimeshTransformFormat	net.multigesture.kanama.api.RenderingServer.MultimeshTransformFormat	enum	TRANSFORM_2D=0,TRANSFORM_3D=1
E	RenderingServer.NinePatchAxisMode	net.multigesture.kanama.api.RenderingServer.NinePatchAxisMode	enum	STRETCH=0,TILE=1,TILE_FIT=2
E	RenderingServer.ParticlesCollisionHeightfieldResolution	net.multigesture.kanama.api.RenderingServer.ParticlesCollisionHeightfieldResolution	enum	RESOLUTION_256=0,RESOLUTION_512=1,RESOLUTION_1024=2,RESOLUTION_2048=3,RESOLUTION_4096=4,RESOLUTION_8192=5,MAX=6
E	RenderingServer.ParticlesCollisionType	net.multigesture.kanama.api.RenderingServer.ParticlesCollisionType	enum	SPHERE_ATTRACT=0,BOX_ATTRACT=1,VECTOR_FIELD_ATTRACT=2,SPHERE_COLLIDE=3,BOX_COLLIDE=4,SDF_COLLIDE=5,HEIGHTFIELD_COLLIDE=6
E	RenderingServer.ParticlesDrawOrder	net.multigesture.kanama.api.RenderingServer.ParticlesDrawOrder	enum	INDEX=0,LIFETIME=1,REVERSE_LIFETIME=2,VIEW_DEPTH=3
E	RenderingServer.ParticlesMode	net.multigesture.kanama.api.RenderingServer.ParticlesMode	enum	MODE_2D=0,MODE_3D=1
E	RenderingServer.ParticlesTransformAlign	net.multigesture.kanama.api.RenderingServer.ParticlesTransformAlign	enum	DISABLED=0,Z_BILLBOARD=1,Y_TO_VELOCITY=2,Z_BILLBOARD_Y_TO_VELOCITY=3,LOCAL_BILLBOARD=4
E	RenderingServer.ParticlesTransformAlignAxis	net.multigesture.kanama.api.RenderingServer.ParticlesTransformAlignAxis	enum	X=0,Y=1
E	RenderingServer.ParticlesTransformAlignCustomSrc	net.multigesture.kanama.api.RenderingServer.ParticlesTransformAlignCustomSrc	enum	DISABLED=0,X=1,Y=2,Z=3,W=4
E	RenderingServer.PipelineSource	net.multigesture.kanama.api.RenderingServer.PipelineSource	enum	CANVAS=0,MESH=1,SURFACE=2,DRAW=3,SPECIALIZATION=4,MAX=5
E	RenderingServer.PrimitiveType	net.multigesture.kanama.api.RenderingServer.PrimitiveType	enum	POINTS=0,LINES=1,LINE_STRIP=2,TRIANGLES=3,TRIANGLE_STRIP=4,MAX=5
E	RenderingServer.ReflectionProbeAmbientMode	net.multigesture.kanama.api.RenderingServer.ReflectionProbeAmbientMode	enum	DISABLED=0,ENVIRONMENT=1,COLOR=2
E	RenderingServer.ReflectionProbeUpdateMode	net.multigesture.kanama.api.RenderingServer.ReflectionProbeUpdateMode	enum	ONCE=0,ALWAYS=1
E	RenderingServer.RenderingInfo	net.multigesture.kanama.api.RenderingServer.RenderingInfo	enum	TOTAL_OBJECTS_IN_FRAME=0,TOTAL_PRIMITIVES_IN_FRAME=1,TOTAL_DRAW_CALLS_IN_FRAME=2,TEXTURE_MEM_USED=3,BUFFER_MEM_USED=4,VIDEO_MEM_USED=5,PIPELINE_COMPILATIONS_CANVAS=6,PIPELINE_COMPILATIONS_MESH=7,PIPELINE_COMPILATIONS_SURFACE=8,PIPELINE_COMPILATIONS_DRAW=9,PIPELINE_COMPILATIONS_SPECIALIZATION=10
E	RenderingServer.ShaderMode	net.multigesture.kanama.api.RenderingServer.ShaderMode	enum	SPATIAL=0,CANVAS_ITEM=1,PARTICLES=2,SKY=3,FOG=4,TEXTURE_BLIT=5,MAX=6
E	RenderingServer.ShadowCastingSetting	net.multigesture.kanama.api.RenderingServer.ShadowCastingSetting	enum	OFF=0,ON=1,DOUBLE_SIDED=2,SHADOWS_ONLY=3
E	RenderingServer.ShadowQuality	net.multigesture.kanama.api.RenderingServer.ShadowQuality	enum	HARD=0,SOFT_VERY_LOW=1,SOFT_LOW=2,SOFT_MEDIUM=3,SOFT_HIGH=4,SOFT_ULTRA=5,MAX=6
E	RenderingServer.SkyMode	net.multigesture.kanama.api.RenderingServer.SkyMode	enum	AUTOMATIC=0,QUALITY=1,INCREMENTAL=2,REALTIME=3
E	RenderingServer.SplashStretchMode	net.multigesture.kanama.api.RenderingServer.SplashStretchMode	enum	DISABLED=0,KEEP=1,KEEP_WIDTH=2,KEEP_HEIGHT=3,COVER=4,IGNORE=5
E	RenderingServer.SubSurfaceScatteringQuality	net.multigesture.kanama.api.RenderingServer.SubSurfaceScatteringQuality	enum	DISABLED=0,LOW=1,MEDIUM=2,HIGH=3
E	RenderingServer.TextureDrawableFormat	net.multigesture.kanama.api.RenderingServer.TextureDrawableFormat	enum	RGBA8=0,RGBA8_SRGB=1,RGBAH=2,RGBAF=3
E	RenderingServer.TextureLayeredType	net.multigesture.kanama.api.RenderingServer.TextureLayeredType	enum	LAYERED_2D_ARRAY=0,CUBEMAP=1,CUBEMAP_ARRAY=2
E	RenderingServer.TextureType	net.multigesture.kanama.api.RenderingServer.TextureType	enum	TYPE_2D=0,LAYERED=1,TYPE_3D=2
E	RenderingServer.ViewportAnisotropicFiltering	net.multigesture.kanama.api.RenderingServer.ViewportAnisotropicFiltering	enum	DISABLED=0,ANISOTROPY_2X=1,ANISOTROPY_4X=2,ANISOTROPY_8X=3,ANISOTROPY_16X=4,MAX=5
E	RenderingServer.ViewportClearMode	net.multigesture.kanama.api.RenderingServer.ViewportClearMode	enum	ALWAYS=0,NEVER=1,ONLY_NEXT_FRAME=2
E	RenderingServer.ViewportDebugDraw	net.multigesture.kanama.api.RenderingServer.ViewportDebugDraw	enum	DISABLED=0,UNSHADED=1,LIGHTING=2,OVERDRAW=3,WIREFRAME=4,NORMAL_BUFFER=5,VOXEL_GI_ALBEDO=6,VOXEL_GI_LIGHTING=7,VOXEL_GI_EMISSION=8,SHADOW_ATLAS=9,DIRECTIONAL_SHADOW_ATLAS=10,SCENE_LUMINANCE=11,SSAO=12,SSIL=13,PSSM_SPLITS=14,DECAL_ATLAS=15,SDFGI=16,SDFGI_PROBES=17,GI_BUFFER=18,DISABLE_LOD=19,CLUSTER_OMNI_LIGHTS=20,CLUSTER_SPOT_LIGHTS=21,CLUSTER_DECALS=22,CLUSTER_REFLECTION_PROBES=23,OCCLUDERS=24,MOTION_VECTORS=25,INTERNAL_BUFFER=26
E	RenderingServer.ViewportEnvironmentMode	net.multigesture.kanama.api.RenderingServer.ViewportEnvironmentMode	enum	DISABLED=0,ENABLED=1,INHERIT=2,MAX=3
E	RenderingServer.ViewportMSAA	net.multigesture.kanama.api.RenderingServer.ViewportMSAA	enum	DISABLED=0,MSAA_2X=1,MSAA_4X=2,MSAA_8X=3,MAX=4
E	RenderingServer.ViewportOcclusionCullingBuildQuality	net.multigesture.kanama.api.RenderingServer.ViewportOcclusionCullingBuildQuality	enum	LOW=0,MEDIUM=1,HIGH=2
E	RenderingServer.ViewportRenderInfo	net.multigesture.kanama.api.RenderingServer.ViewportRenderInfo	enum	OBJECTS_IN_FRAME=0,PRIMITIVES_IN_FRAME=1,DRAW_CALLS_IN_FRAME=2,MAX=3
E	RenderingServer.ViewportRenderInfoType	net.multigesture.kanama.api.RenderingServer.ViewportRenderInfoType	enum	VISIBLE=0,SHADOW=1,CANVAS=2,MAX=3
E	RenderingServer.ViewportSDFOversize	net.multigesture.kanama.api.RenderingServer.ViewportSDFOversize	enum	OVERSIZE_100_PERCENT=0,OVERSIZE_120_PERCENT=1,OVERSIZE_150_PERCENT=2,OVERSIZE_200_PERCENT=3,MAX=4
E	RenderingServer.ViewportSDFScale	net.multigesture.kanama.api.RenderingServer.ViewportSDFScale	enum	SCALE_100_PERCENT=0,SCALE_50_PERCENT=1,SCALE_25_PERCENT=2,MAX=3
E	RenderingServer.ViewportScaling3DMode	net.multigesture.kanama.api.RenderingServer.ViewportScaling3DMode	enum	BILINEAR=0,FSR=1,FSR2=2,METALFX_SPATIAL=3,METALFX_TEMPORAL=4,NEAREST=5,MAX=6
E	RenderingServer.ViewportScreenSpaceAA	net.multigesture.kanama.api.RenderingServer.ViewportScreenSpaceAA	enum	DISABLED=0,FXAA=1,SMAA=2,MAX=3
E	RenderingServer.ViewportUpdateMode	net.multigesture.kanama.api.RenderingServer.ViewportUpdateMode	enum	DISABLED=0,ONCE=1,WHEN_VISIBLE=2,WHEN_PARENT_VISIBLE=3,ALWAYS=4
E	RenderingServer.ViewportVRSMode	net.multigesture.kanama.api.RenderingServer.ViewportVRSMode	enum	DISABLED=0,TEXTURE=1,XR=2,MAX=3
E	RenderingServer.ViewportVRSUpdateMode	net.multigesture.kanama.api.RenderingServer.ViewportVRSUpdateMode	enum	DISABLED=0,ONCE=1,ALWAYS=2,MAX=3
E	RenderingServer.VisibilityRangeFadeMode	net.multigesture.kanama.api.RenderingServer.VisibilityRangeFadeMode	enum	DISABLED=0,SELF=1,DEPENDENCIES=2
E	RenderingServer.VoxelGIQuality	net.multigesture.kanama.api.RenderingServer.VoxelGIQuality	enum	LOW=0,HIGH=1
E	Resource.DeepDuplicateMode	net.multigesture.kanama.api.Resource.DeepDuplicateMode	enum	NONE=0,INTERNAL=1,ALL=2
E	ResourceFormatLoader.CacheMode	net.multigesture.kanama.api.ResourceFormatLoader.CacheMode	enum	IGNORE=0,REUSE=1,REPLACE=2,IGNORE_DEEP=3,REPLACE_DEEP=4
E	ResourceImporter.ImportOrder	net.multigesture.kanama.api.ResourceImporter.ImportOrder	enum	DEFAULT=0,SCENE=100
E	ResourceLoader.CacheMode	net.multigesture.kanama.api.ResourceLoader.CacheMode	enum	IGNORE=0,REUSE=1,REPLACE=2,IGNORE_DEEP=3,REPLACE_DEEP=4
E	ResourceLoader.ThreadLoadStatus	net.multigesture.kanama.api.ResourceLoader.ThreadLoadStatus	enum	INVALID_RESOURCE=0,IN_PROGRESS=1,FAILED=2,LOADED=3
E	ResourceSaver.SaverFlags	net.multigesture.kanama.api.ResourceSaver.SaverFlags	bitfield	NONE=0,RELATIVE_PATHS=1,BUNDLE_RESOURCES=2,CHANGE_PATH=4,OMIT_EDITOR_PROPERTIES=8,SAVE_BIG_ENDIAN=16,COMPRESS=32,REPLACE_SUBRESOURCE_PATHS=64
E	RetargetModifier3D.TransformFlag	net.multigesture.kanama.api.RetargetModifier3D.TransformFlag	bitfield	POSITION=1,ROTATION=2,SCALE=4,ALL=7
E	RibbonTrailMesh.Shape	net.multigesture.kanama.api.RibbonTrailMesh.Shape	enum	FLAT=0,CROSS=1
E	RichTextLabel.ImageUnit	net.multigesture.kanama.api.RichTextLabel.ImageUnit	enum	PIXEL=0,PERCENT=1,EM=2
E	RichTextLabel.ImageUpdateMask	net.multigesture.kanama.api.RichTextLabel.ImageUpdateMask	bitfield	TEXTURE=1,SIZE=2,COLOR=4,ALIGNMENT=8,REGION=16,PAD=32,TOOLTIP=64,WIDTH_UNIT=128
E	RichTextLabel.ListType	net.multigesture.kanama.api.RichTextLabel.ListType	enum	NUMBERS=0,LETTERS=1,ROMAN=2,DOTS=3
E	RichTextLabel.MenuItems	net.multigesture.kanama.api.RichTextLabel.MenuItems	enum	COPY=0,SELECT_ALL=1,MAX=2
E	RichTextLabel.MetaUnderline	net.multigesture.kanama.api.RichTextLabel.MetaUnderline	enum	NEVER=0,ALWAYS=1,ON_HOVER=2
E	RigidBody2D.CCDMode	net.multigesture.kanama.api.RigidBody2D.CCDMode	enum	DISABLED=0,CAST_RAY=1,CAST_SHAPE=2
E	RigidBody2D.CenterOfMassMode	net.multigesture.kanama.api.RigidBody2D.CenterOfMassMode	enum	AUTO=0,CUSTOM=1
E	RigidBody2D.DampMode	net.multigesture.kanama.api.RigidBody2D.DampMode	enum	COMBINE=0,REPLACE=1
E	RigidBody2D.FreezeMode	net.multigesture.kanama.api.RigidBody2D.FreezeMode	enum	STATIC=0,KINEMATIC=1
E	RigidBody3D.CenterOfMassMode	net.multigesture.kanama.api.RigidBody3D.CenterOfMassMode	enum	AUTO=0,CUSTOM=1
E	RigidBody3D.DampMode	net.multigesture.kanama.api.RigidBody3D.DampMode	enum	COMBINE=0,REPLACE=1
E	RigidBody3D.FreezeMode	net.multigesture.kanama.api.RigidBody3D.FreezeMode	enum	STATIC=0,KINEMATIC=1
E	SceneReplicationConfig.ReplicationMode	net.multigesture.kanama.api.SceneReplicationConfig.ReplicationMode	enum	NEVER=0,ALWAYS=1,ON_CHANGE=2
E	SceneState.GenEditState	net.multigesture.kanama.api.SceneState.GenEditState	enum	DISABLED=0,INSTANCE=1,MAIN=2,MAIN_INHERITED=3
E	SceneTree.GroupCallFlags	net.multigesture.kanama.api.SceneTree.GroupCallFlags	enum	DEFAULT=0,REVERSE=1,DEFERRED=2,UNIQUE=4
E	ScriptLanguage.ScriptNameCasing	net.multigesture.kanama.api.ScriptLanguage.ScriptNameCasing	enum	AUTO=0,PASCAL_CASE=1,SNAKE_CASE=2,KEBAB_CASE=3,CAMEL_CASE=4
E	ScriptLanguageExtension.CodeCompletionKind	net.multigesture.kanama.api.ScriptLanguageExtension.CodeCompletionKind	enum	CLASS=0,FUNCTION=1,SIGNAL=2,VARIABLE=3,MEMBER=4,ENUM=5,CONSTANT=6,NODE_PATH=7,FILE_PATH=8,PLAIN_TEXT=9,KEYWORD=10,MAX=11
E	ScriptLanguageExtension.CodeCompletionLocation	net.multigesture.kanama.api.ScriptLanguageExtension.CodeCompletionLocation	enum	LOCAL=0,PARENT_MASK=256,OTHER_USER_CODE=512,OTHER=1024
E	ScriptLanguageExtension.LookupResultType	net.multigesture.kanama.api.ScriptLanguageExtension.LookupResultType	enum	SCRIPT_LOCATION=0,CLASS=1,CLASS_CONSTANT=2,CLASS_PROPERTY=3,CLASS_METHOD=4,CLASS_SIGNAL=5,CLASS_ENUM=6,CLASS_TBD_GLOBALSCOPE=7,CLASS_ANNOTATION=8,LOCAL_CONSTANT=9,LOCAL_VARIABLE=10,MAX=11
E	ScrollContainer.ScrollHintMode	net.multigesture.kanama.api.ScrollContainer.ScrollHintMode	enum	DISABLED=0,ALL=1,TOP_AND_LEFT=2,BOTTOM_AND_RIGHT=3
E	ScrollContainer.ScrollMode	net.multigesture.kanama.api.ScrollContainer.ScrollMode	enum	DISABLED=0,AUTO=1,SHOW_ALWAYS=2,SHOW_NEVER=3,RESERVE=4,MAXIMIZE_FIRST=5
E	Shader.Mode	net.multigesture.kanama.api.Shader.Mode	enum	SPATIAL=0,CANVAS_ITEM=1,PARTICLES=2,SKY=3,FOG=4,TEXTURE_BLIT=5
E	Side	net.multigesture.kanama.api.Side	enum	LEFT=0,TOP=1,RIGHT=2,BOTTOM=3
E	Skeleton3D.ModifierCallbackModeProcess	net.multigesture.kanama.api.Skeleton3D.ModifierCallbackModeProcess	enum	PHYSICS=0,IDLE=1,MANUAL=2
E	SkeletonModifier3D.BoneAxis	net.multigesture.kanama.api.SkeletonModifier3D.BoneAxis	enum	PLUS_X=0,MINUS_X=1,PLUS_Y=2,MINUS_Y=3,PLUS_Z=4,MINUS_Z=5
E	SkeletonModifier3D.BoneDirection	net.multigesture.kanama.api.SkeletonModifier3D.BoneDirection	enum	PLUS_X=0,MINUS_X=1,PLUS_Y=2,MINUS_Y=3,PLUS_Z=4,MINUS_Z=5,FROM_PARENT=6
E	SkeletonModifier3D.RotationAxis	net.multigesture.kanama.api.SkeletonModifier3D.RotationAxis	enum	X=0,Y=1,Z=2,ALL=3,CUSTOM=4
E	SkeletonModifier3D.SecondaryDirection	net.multigesture.kanama.api.SkeletonModifier3D.SecondaryDirection	enum	NONE=0,PLUS_X=1,MINUS_X=2,PLUS_Y=3,MINUS_Y=4,PLUS_Z=5,MINUS_Z=6,CUSTOM=7
E	SkeletonProfile.TailDirection	net.multigesture.kanama.api.SkeletonProfile.TailDirection	enum	AVERAGE_CHILDREN=0,SPECIFIC_CHILD=1,END=2
E	Sky.ProcessMode	net.multigesture.kanama.api.Sky.ProcessMode	enum	AUTOMATIC=0,QUALITY=1,INCREMENTAL=2,REALTIME=3
E	Sky.RadianceSize	net.multigesture.kanama.api.Sky.RadianceSize	enum	SIZE_32=0,SIZE_64=1,SIZE_128=2,SIZE_256=3,SIZE_512=4,SIZE_1024=5,SIZE_2048=6,MAX=7
E	Slider.TickPosition	net.multigesture.kanama.api.Slider.TickPosition	enum	BOTTOM_RIGHT=0,TOP_LEFT=1,BOTH=2,CENTER=3
E	SliderJoint3D.Param	net.multigesture.kanama.api.SliderJoint3D.Param	enum	LINEAR_LIMIT_UPPER=0,LINEAR_LIMIT_LOWER=1,LINEAR_LIMIT_SOFTNESS=2,LINEAR_LIMIT_RESTITUTION=3,LINEAR_LIMIT_DAMPING=4,LINEAR_MOTION_SOFTNESS=5,LINEAR_MOTION_RESTITUTION=6,LINEAR_MOTION_DAMPING=7,LINEAR_ORTHOGONAL_SOFTNESS=8,LINEAR_ORTHOGONAL_RESTITUTION=9,LINEAR_ORTHOGONAL_DAMPING=10,ANGULAR_LIMIT_UPPER=11,ANGULAR_LIMIT_LOWER=12,ANGULAR_LIMIT_SOFTNESS=13,ANGULAR_LIMIT_RESTITUTION=14,ANGULAR_LIMIT_DAMPING=15,ANGULAR_MOTION_SOFTNESS=16,ANGULAR_MOTION_RESTITUTION=17,ANGULAR_MOTION_DAMPING=18,ANGULAR_ORTHOGONAL_SOFTNESS=19,ANGULAR_ORTHOGONAL_RESTITUTION=20,ANGULAR_ORTHOGONAL_DAMPING=21,MAX=22
E	SoftBody3D.DisableMode	net.multigesture.kanama.api.SoftBody3D.DisableMode	enum	REMOVE=0,KEEP_ACTIVE=1
E	SplitContainer.DraggerVisibility	net.multigesture.kanama.api.SplitContainer.DraggerVisibility	enum	VISIBLE=0,HIDDEN=1,HIDDEN_COLLAPSED=2
E	SpringBoneSimulator3D.CenterFrom	net.multigesture.kanama.api.SpringBoneSimulator3D.CenterFrom	enum	WORLD_ORIGIN=0,NODE=1,BONE=2
E	SpriteBase3D.AlphaCutMode	net.multigesture.kanama.api.SpriteBase3D.AlphaCutMode	enum	DISABLED=0,DISCARD=1,OPAQUE_PREPASS=2,HASH=3
E	SpriteBase3D.DrawFlags	net.multigesture.kanama.api.SpriteBase3D.DrawFlags	enum	TRANSPARENT=0,SHADED=1,DOUBLE_SIDED=2,DISABLE_DEPTH_TEST=3,FIXED_SIZE=4,MAX=5
E	SpriteFrames.LoopMode	net.multigesture.kanama.api.SpriteFrames.LoopMode	enum	NONE=0,LINEAR=1,PINGPONG=2
E	StreamPeerSocket.Status	net.multigesture.kanama.api.StreamPeerSocket.Status	enum	NONE=0,CONNECTING=1,CONNECTED=2,ERROR=3
E	StreamPeerTLS.Status	net.multigesture.kanama.api.StreamPeerTLS.Status	enum	DISCONNECTED=0,HANDSHAKING=1,CONNECTED=2,ERROR=3,ERROR_HOSTNAME_MISMATCH=4
E	StyleBoxTexture.AxisStretchMode	net.multigesture.kanama.api.StyleBoxTexture.AxisStretchMode	enum	STRETCH=0,TILE=1,TILE_FIT=2
E	SubViewport.ClearMode	net.multigesture.kanama.api.SubViewport.ClearMode	enum	ALWAYS=0,NEVER=1,ONCE=2
E	SubViewport.UpdateMode	net.multigesture.kanama.api.SubViewport.UpdateMode	enum	DISABLED=0,ONCE=1,WHEN_VISIBLE=2,WHEN_PARENT_VISIBLE=3,ALWAYS=4
E	SurfaceTool.CustomFormat	net.multigesture.kanama.api.SurfaceTool.CustomFormat	enum	RGBA8_UNORM=0,RGBA8_SNORM=1,RG_HALF=2,RGBA_HALF=3,R_FLOAT=4,RG_FLOAT=5,RGB_FLOAT=6,RGBA_FLOAT=7,MAX=8
E	SurfaceTool.SkinWeightCount	net.multigesture.kanama.api.SurfaceTool.SkinWeightCount	enum	SKIN_4_WEIGHTS=0,SKIN_8_WEIGHTS=1
E	TabBar.AlignmentMode	net.multigesture.kanama.api.TabBar.AlignmentMode	enum	LEFT=0,CENTER=1,RIGHT=2,MAX=3
E	TabBar.CloseButtonDisplayPolicy	net.multigesture.kanama.api.TabBar.CloseButtonDisplayPolicy	enum	SHOW_NEVER=0,SHOW_ACTIVE_ONLY=1,SHOW_ALWAYS=2,MAX=3
E	TabContainer.TabPosition	net.multigesture.kanama.api.TabContainer.TabPosition	enum	TOP=0,BOTTOM=1,MAX=2
E	TextEdit.CaretType	net.multigesture.kanama.api.TextEdit.CaretType	enum	LINE=0,BLOCK=1
E	TextEdit.EditAction	net.multigesture.kanama.api.TextEdit.EditAction	enum	NONE=0,TYPING=1,BACKSPACE=2,DELETE=3
E	TextEdit.GutterType	net.multigesture.kanama.api.TextEdit.GutterType	enum	STRING=0,ICON=1,CUSTOM=2
E	TextEdit.LineWrappingMode	net.multigesture.kanama.api.TextEdit.LineWrappingMode	enum	NONE=0,BOUNDARY=1
E	TextEdit.MenuItems	net.multigesture.kanama.api.TextEdit.MenuItems	enum	CUT=0,COPY=1,PASTE=2,CLEAR=3,SELECT_ALL=4,UNDO=5,REDO=6,SUBMENU_TEXT_DIR=7,DIR_INHERITED=8,DIR_AUTO=9,DIR_LTR=10,DIR_RTL=11,DISPLAY_UCC=12,SUBMENU_INSERT_UCC=13,INSERT_LRM=14,INSERT_RLM=15,INSERT_LRE=16,INSERT_RLE=17,INSERT_LRO=18,INSERT_RLO=19,INSERT_PDF=20,INSERT_ALM=21,INSERT_LRI=22,INSERT_RLI=23,INSERT_FSI=24,INSERT_PDI=25,INSERT_ZWJ=26,INSERT_ZWNJ=27,INSERT_WJ=28,INSERT_SHY=29,EMOJI_AND_SYMBOL=30,MAX=31
E	TextEdit.SearchFlags	net.multigesture.kanama.api.TextEdit.SearchFlags	enum	MATCH_CASE=1,WHOLE_WORDS=2,BACKWARDS=4
E	TextEdit.SelectionMode	net.multigesture.kanama.api.TextEdit.SelectionMode	enum	NONE=0,SHIFT=1,POINTER=2,WORD=3,LINE=4
E	TextServer.AutowrapMode	net.multigesture.kanama.api.TextServer.AutowrapMode	enum	OFF=0,ARBITRARY=1,WORD=2,WORD_SMART=3
E	TextServer.ContourPointTag	net.multigesture.kanama.api.TextServer.ContourPointTag	enum	ON=1,OFF_CONIC=0,OFF_CUBIC=2
E	TextServer.Direction	net.multigesture.kanama.api.TextServer.Direction	enum	AUTO=0,LTR=1,RTL=2,INHERITED=3
E	TextServer.Feature	net.multigesture.kanama.api.TextServer.Feature	enum	SIMPLE_LAYOUT=1,BIDI_LAYOUT=2,VERTICAL_LAYOUT=4,SHAPING=8,KASHIDA_JUSTIFICATION=16,BREAK_ITERATORS=32,FONT_BITMAP=64,FONT_DYNAMIC=128,FONT_MSDF=256,FONT_SYSTEM=512,FONT_VARIABLE=1024,CONTEXT_SENSITIVE_CASE_CONVERSION=2048,USE_SUPPORT_DATA=4096,UNICODE_IDENTIFIERS=8192,UNICODE_SECURITY=16384
E	TextServer.FixedSizeScaleMode	net.multigesture.kanama.api.TextServer.FixedSizeScaleMode	enum	DISABLE=0,INTEGER_ONLY=1,ENABLED=2
E	TextServer.FontAntialiasing	net.multigesture.kanama.api.TextServer.FontAntialiasing	enum	NONE=0,GRAY=1,LCD=2
E	TextServer.FontLCDSubpixelLayout	net.multigesture.kanama.api.TextServer.FontLCDSubpixelLayout	enum	NONE=0,HRGB=1,HBGR=2,VRGB=3,VBGR=4,MAX=5
E	TextServer.FontStyle	net.multigesture.kanama.api.TextServer.FontStyle	bitfield	BOLD=1,ITALIC=2,FIXED_WIDTH=4
E	TextServer.GraphemeFlag	net.multigesture.kanama.api.TextServer.GraphemeFlag	bitfield	VALID=1,RTL=2,VIRTUAL=4,SPACE=8,BREAK_HARD=16,BREAK_SOFT=32,TAB=64,ELONGATION=128,PUNCTUATION=256,UNDERSCORE=512,CONNECTED=1024,SAFE_TO_INSERT_TATWEEL=2048,EMBEDDED_OBJECT=4096,SOFT_HYPHEN=8192
E	TextServer.Hinting	net.multigesture.kanama.api.TextServer.Hinting	enum	NONE=0,LIGHT=1,NORMAL=2
E	TextServer.JustificationFlag	net.multigesture.kanama.api.TextServer.JustificationFlag	bitfield	NONE=0,KASHIDA=1,WORD_BOUND=2,TRIM_EDGE_SPACES=4,AFTER_LAST_TAB=8,CONSTRAIN_ELLIPSIS=16,SKIP_LAST_LINE=32,SKIP_LAST_LINE_WITH_VISIBLE_CHARS=64,DO_NOT_SKIP_SINGLE_LINE=128
E	TextServer.LineBreakFlag	net.multigesture.kanama.api.TextServer.LineBreakFlag	bitfield	NONE=0,MANDATORY=1,WORD_BOUND=2,GRAPHEME_BOUND=4,ADAPTIVE=8,TRIM_EDGE_SPACES=16,TRIM_INDENT=32,TRIM_START_EDGE_SPACES=64,TRIM_END_EDGE_SPACES=128
E	TextServer.Orientation	net.multigesture.kanama.api.TextServer.Orientation	enum	HORIZONTAL=0,VERTICAL=1
E	TextServer.OverrunBehavior	net.multigesture.kanama.api.TextServer.OverrunBehavior	enum	NO_TRIMMING=0,TRIM_CHAR=1,TRIM_WORD=2,TRIM_ELLIPSIS=3,TRIM_WORD_ELLIPSIS=4,TRIM_ELLIPSIS_FORCE=5,TRIM_WORD_ELLIPSIS_FORCE=6
E	TextServer.SpacingType	net.multigesture.kanama.api.TextServer.SpacingType	enum	GLYPH=0,SPACE=1,TOP=2,BOTTOM=3,MAX=4
E	TextServer.StructuredTextParser	net.multigesture.kanama.api.TextServer.StructuredTextParser	enum	DEFAULT=0,URI=1,FILE=2,EMAIL=3,LIST=4,GDSCRIPT=5,CUSTOM=6
E	TextServer.SubpixelPositioning	net.multigesture.kanama.api.TextServer.SubpixelPositioning	enum	DISABLED=0,AUTO=1,ONE_HALF=2,ONE_QUARTER=3,ONE_HALF_MAX_SIZE=20,ONE_QUARTER_MAX_SIZE=16
E	TextServer.TextOverrunFlag	net.multigesture.kanama.api.TextServer.TextOverrunFlag	bitfield	NO_TRIM=0,TRIM=1,TRIM_WORD_ONLY=2,ADD_ELLIPSIS=4,ENFORCE_ELLIPSIS=8,JUSTIFICATION_AWARE=16,SHORT_STRING_ELLIPSIS=32
E	TextServer.VisibleCharactersBehavior	net.multigesture.kanama.api.TextServer.VisibleCharactersBehavior	enum	CHARS_BEFORE_SHAPING=0,CHARS_AFTER_SHAPING=1,GLYPHS_AUTO=2,GLYPHS_LTR=3,GLYPHS_RTL=4
E	TextureButton.StretchMode	net.multigesture.kanama.api.TextureButton.StretchMode	enum	SCALE=0,TILE=1,KEEP=2,KEEP_CENTERED=3,KEEP_ASPECT=4,KEEP_ASPECT_CENTERED=5,KEEP_ASPECT_COVERED=6
E	TextureLayered.LayeredType	net.multigesture.kanama.api.TextureLayered.LayeredType	enum	TYPE_2D_ARRAY=0,CUBEMAP=1,CUBEMAP_ARRAY=2
E	TextureProgressBar.FillMode	net.multigesture.kanama.api.TextureProgressBar.FillMode	enum	LEFT_TO_RIGHT=0,RIGHT_TO_LEFT=1,TOP_TO_BOTTOM=2,BOTTOM_TO_TOP=3,CLOCKWISE=4,COUNTER_CLOCKWISE=5,BILINEAR_LEFT_AND_RIGHT=6,BILINEAR_TOP_AND_BOTTOM=7,CLOCKWISE_AND_COUNTER_CLOCKWISE=8
E	TextureRect.ExpandMode	net.multigesture.kanama.api.TextureRect.ExpandMode	enum	KEEP_SIZE=0,IGNORE_SIZE=1,FIT_WIDTH=2,FIT_WIDTH_PROPORTIONAL=3,FIT_HEIGHT=4,FIT_HEIGHT_PROPORTIONAL=5
E	TextureRect.StretchMode	net.multigesture.kanama.api.TextureRect.StretchMode	enum	SCALE=0,TILE=1,KEEP=2,KEEP_CENTERED=3,KEEP_ASPECT=4,KEEP_ASPECT_CENTERED=5,KEEP_ASPECT_COVERED=6
E	Theme.DataType	net.multigesture.kanama.api.Theme.DataType	enum	COLOR=0,CONSTANT=1,FONT=2,FONT_SIZE=3,ICON=4,STYLEBOX=5,MAX=6
E	Thread.Priority	net.multigesture.kanama.api.Thread.Priority	enum	LOW=0,NORMAL=1,HIGH=2
E	TileMap.VisibilityMode	net.multigesture.kanama.api.TileMap.VisibilityMode	enum	DEFAULT=0,FORCE_HIDE=2,FORCE_SHOW=1
E	TileMapLayer.DebugVisibilityMode	net.multigesture.kanama.api.TileMapLayer.DebugVisibilityMode	enum	DEFAULT=0,FORCE_HIDE=2,FORCE_SHOW=1
E	TileSet.CellNeighbor	net.multigesture.kanama.api.TileSet.CellNeighbor	enum	RIGHT_SIDE=0,RIGHT_CORNER=1,BOTTOM_RIGHT_SIDE=2,BOTTOM_RIGHT_CORNER=3,BOTTOM_SIDE=4,BOTTOM_CORNER=5,BOTTOM_LEFT_SIDE=6,BOTTOM_LEFT_CORNER=7,LEFT_SIDE=8,LEFT_CORNER=9,TOP_LEFT_SIDE=10,TOP_LEFT_CORNER=11,TOP_SIDE=12,TOP_CORNER=13,TOP_RIGHT_SIDE=14,TOP_RIGHT_CORNER=15
E	TileSet.TerrainMode	net.multigesture.kanama.api.TileSet.TerrainMode	enum	CORNERS_AND_SIDES=0,CORNERS=1,SIDES=2
E	TileSet.TileLayout	net.multigesture.kanama.api.TileSet.TileLayout	enum	STACKED=0,STACKED_OFFSET=1,STAIRS_RIGHT=2,STAIRS_DOWN=3,DIAMOND_RIGHT=4,DIAMOND_DOWN=5
E	TileSet.TileOffsetAxis	net.multigesture.kanama.api.TileSet.TileOffsetAxis	enum	HORIZONTAL=0,VERTICAL=1
E	TileSet.TileShape	net.multigesture.kanama.api.TileSet.TileShape	enum	SQUARE=0,ISOMETRIC=1,HALF_OFFSET_SQUARE=2,HEXAGON=3
E	TileSetAtlasSource.TileAnimationMode	net.multigesture.kanama.api.TileSetAtlasSource.TileAnimationMode	enum	DEFAULT=0,RANDOM_START_TIMES=1,MAX=2
E	Time.Month	net.multigesture.kanama.api.Time.Month	enum	JANUARY=1,FEBRUARY=2,MARCH=3,APRIL=4,MAY=5,JUNE=6,JULY=7,AUGUST=8,SEPTEMBER=9,OCTOBER=10,NOVEMBER=11,DECEMBER=12
E	Time.Weekday	net.multigesture.kanama.api.Time.Weekday	enum	SUNDAY=0,MONDAY=1,TUESDAY=2,WEDNESDAY=3,THURSDAY=4,FRIDAY=5,SATURDAY=6
E	Timer.TimerProcessCallback	net.multigesture.kanama.api.Timer.TimerProcessCallback	enum	PHYSICS=0,IDLE=1
E	TouchScreenButton.VisibilityMode	net.multigesture.kanama.api.TouchScreenButton.VisibilityMode	enum	ALWAYS=0,TOUCHSCREEN_ONLY=1
E	Tree.DropModeFlags	net.multigesture.kanama.api.Tree.DropModeFlags	enum	DISABLED=0,ON_ITEM=1,INBETWEEN=2
E	Tree.ScrollHintMode	net.multigesture.kanama.api.Tree.ScrollHintMode	enum	DISABLED=0,BOTH=1,TOP=2,BOTTOM=3
E	Tree.SelectMode	net.multigesture.kanama.api.Tree.SelectMode	enum	SINGLE=0,ROW=1,MULTI=2
E	TreeItem.TreeCellMode	net.multigesture.kanama.api.TreeItem.TreeCellMode	enum	STRING=0,CHECK=1,RANGE=2,ICON=3,CUSTOM=4
E	Tween.EaseType	net.multigesture.kanama.api.Tween.EaseType	enum	IN=0,OUT=1,IN_OUT=2,OUT_IN=3
E	Tween.TransitionType	net.multigesture.kanama.api.Tween.TransitionType	enum	LINEAR=0,SINE=1,QUINT=2,QUART=3,QUAD=4,EXPO=5,ELASTIC=6,CUBIC=7,CIRC=8,BOUNCE=9,BACK=10,SPRING=11
E	Tween.TweenPauseMode	net.multigesture.kanama.api.Tween.TweenPauseMode	enum	BOUND=0,STOP=1,PROCESS=2
E	Tween.TweenProcessMode	net.multigesture.kanama.api.Tween.TweenProcessMode	enum	PHYSICS=0,IDLE=1
E	UPNP.UPNPResult	net.multigesture.kanama.api.UPNP.UPNPResult	enum	SUCCESS=0,NOT_AUTHORIZED=1,PORT_MAPPING_NOT_FOUND=2,INCONSISTENT_PARAMETERS=3,NO_SUCH_ENTRY_IN_ARRAY=4,ACTION_FAILED=5,SRC_IP_WILDCARD_NOT_PERMITTED=6,EXT_PORT_WILDCARD_NOT_PERMITTED=7,INT_PORT_WILDCARD_NOT_PERMITTED=8,REMOTE_HOST_MUST_BE_WILDCARD=9,EXT_PORT_MUST_BE_WILDCARD=10,NO_PORT_MAPS_AVAILABLE=11,CONFLICT_WITH_OTHER_MECHANISM=12,CONFLICT_WITH_OTHER_MAPPING=13,SAME_PORT_VALUES_REQUIRED=14,ONLY_PERMANENT_LEASE_SUPPORTED=15,INVALID_GATEWAY=16,INVALID_PORT=17,INVALID_PROTOCOL=18,INVALID_DURATION=19,INVALID_ARGS=20,INVALID_RESPONSE=21,INVALID_PARAM=22,HTTP_ERROR=23,SOCKET_ERROR=24,MEM_ALLOC_ERROR=25,NO_GATEWAY=26,NO_DEVICES=27,UNKNOWN_ERROR=28
E	UPNPDevice.IGDStatus	net.multigesture.kanama.api.UPNPDevice.IGDStatus	enum	OK=0,HTTP_ERROR=1,HTTP_EMPTY=2,NO_URLS=3,NO_IGD=4,DISCONNECTED=5,UNKNOWN_DEVICE=6,INVALID_CONTROL=7,MALLOC_ERROR=8,UNKNOWN_ERROR=9
E	UndoRedo.MergeMode	net.multigesture.kanama.api.UndoRedo.MergeMode	enum	DISABLE=0,ENDS=1,ALL=2
E	Variant.Operator	net.multigesture.kanama.api.VariantOperator	enum	EQUAL=0,NOT_EQUAL=1,LESS=2,LESS_EQUAL=3,GREATER=4,GREATER_EQUAL=5,ADD=6,SUBTRACT=7,MULTIPLY=8,DIVIDE=9,NEGATE=10,POSITIVE=11,MODULE=12,POWER=13,SHIFT_LEFT=14,SHIFT_RIGHT=15,BIT_AND=16,BIT_OR=17,BIT_XOR=18,BIT_NEGATE=19,AND=20,OR=21,XOR=22,NOT=23,IN=24,MAX=25
E	Variant.Type	net.multigesture.kanama.api.VariantType	enum	NIL=0,BOOL=1,INT=2,FLOAT=3,STRING=4,VECTOR2=5,VECTOR2I=6,RECT2=7,RECT2I=8,VECTOR3=9,VECTOR3I=10,TRANSFORM2D=11,VECTOR4=12,VECTOR4I=13,PLANE=14,QUATERNION=15,AABB=16,BASIS=17,TRANSFORM3D=18,PROJECTION=19,COLOR=20,STRING_NAME=21,NODE_PATH=22,RID=23,OBJECT=24,CALLABLE=25,SIGNAL=26,DICTIONARY=27,ARRAY=28,PACKED_BYTE_ARRAY=29,PACKED_INT32_ARRAY=30,PACKED_INT64_ARRAY=31,PACKED_FLOAT32_ARRAY=32,PACKED_FLOAT64_ARRAY=33,PACKED_STRING_ARRAY=34,PACKED_VECTOR2_ARRAY=35,PACKED_VECTOR3_ARRAY=36,PACKED_COLOR_ARRAY=37,PACKED_VECTOR4_ARRAY=38,MAX=39
E	Vector2.Axis	net.multigesture.kanama.types.Vector2.Axis	enum	X=0,Y=1
E	Vector2i.Axis	net.multigesture.kanama.types.Vector2i.Axis	enum	X=0,Y=1
E	Vector3.Axis	net.multigesture.kanama.types.Vector3.Axis	enum	X=0,Y=1,Z=2
E	Vector3i.Axis	net.multigesture.kanama.types.Vector3i.Axis	enum	X=0,Y=1,Z=2
E	Vector4.Axis	net.multigesture.kanama.types.Vector4.Axis	enum	X=0,Y=1,Z=2,W=3
E	Vector4i.Axis	net.multigesture.kanama.types.Vector4i.Axis	enum	X=0,Y=1,Z=2,W=3
E	VerticalAlignment	net.multigesture.kanama.api.VerticalAlignment	enum	TOP=0,CENTER=1,BOTTOM=2,FILL=3
E	Viewport.AnisotropicFiltering	net.multigesture.kanama.api.Viewport.AnisotropicFiltering	enum	DISABLED=0,ANISOTROPY_2X=1,ANISOTROPY_4X=2,ANISOTROPY_8X=3,ANISOTROPY_16X=4,MAX=5
E	Viewport.DebugDraw	net.multigesture.kanama.api.Viewport.DebugDraw	enum	DISABLED=0,UNSHADED=1,LIGHTING=2,OVERDRAW=3,WIREFRAME=4,NORMAL_BUFFER=5,VOXEL_GI_ALBEDO=6,VOXEL_GI_LIGHTING=7,VOXEL_GI_EMISSION=8,SHADOW_ATLAS=9,DIRECTIONAL_SHADOW_ATLAS=10,SCENE_LUMINANCE=11,SSAO=12,SSIL=13,PSSM_SPLITS=14,DECAL_ATLAS=15,SDFGI=16,SDFGI_PROBES=17,GI_BUFFER=18,DISABLE_LOD=19,CLUSTER_OMNI_LIGHTS=20,CLUSTER_SPOT_LIGHTS=21,CLUSTER_DECALS=22,CLUSTER_REFLECTION_PROBES=23,OCCLUDERS=24,MOTION_VECTORS=25,INTERNAL_BUFFER=26,CLUSTER_AREA_LIGHTS=27,AREA_LIGHT_ATLAS=28
E	Viewport.DefaultCanvasItemTextureFilter	net.multigesture.kanama.api.Viewport.DefaultCanvasItemTextureFilter	enum	NEAREST=0,LINEAR=1,LINEAR_WITH_MIPMAPS=2,NEAREST_WITH_MIPMAPS=3,PARENT_NODE=4,MAX=5
E	Viewport.DefaultCanvasItemTextureRepeat	net.multigesture.kanama.api.Viewport.DefaultCanvasItemTextureRepeat	enum	DISABLED=0,ENABLED=1,MIRROR=2,PARENT_NODE=3,MAX=4
E	Viewport.MSAA	net.multigesture.kanama.api.Viewport.MSAA	enum	DISABLED=0,MSAA_2X=1,MSAA_4X=2,MSAA_8X=3,MAX=4
E	Viewport.PositionalShadowAtlasQuadrantSubdiv	net.multigesture.kanama.api.Viewport.PositionalShadowAtlasQuadrantSubdiv	enum	DISABLED=0,SUBDIV_1=1,SUBDIV_4=2,SUBDIV_16=3,SUBDIV_64=4,SUBDIV_256=5,SUBDIV_1024=6,MAX=7
E	Viewport.RenderInfo	net.multigesture.kanama.api.Viewport.RenderInfo	enum	OBJECTS_IN_FRAME=0,PRIMITIVES_IN_FRAME=1,DRAW_CALLS_IN_FRAME=2,MAX=3
E	Viewport.RenderInfoType	net.multigesture.kanama.api.Viewport.RenderInfoType	enum	VISIBLE=0,SHADOW=1,CANVAS=2,MAX=3
E	Viewport.SDFOversize	net.multigesture.kanama.api.Viewport.SDFOversize	enum	OVERSIZE_100_PERCENT=0,OVERSIZE_120_PERCENT=1,OVERSIZE_150_PERCENT=2,OVERSIZE_200_PERCENT=3,MAX=4
E	Viewport.SDFScale	net.multigesture.kanama.api.Viewport.SDFScale	enum	SCALE_100_PERCENT=0,SCALE_50_PERCENT=1,SCALE_25_PERCENT=2,MAX=3
E	Viewport.Scaling3DMode	net.multigesture.kanama.api.Viewport.Scaling3DMode	enum	BILINEAR=0,FSR=1,FSR2=2,METALFX_SPATIAL=3,METALFX_TEMPORAL=4,NEAREST=5,MAX=6
E	Viewport.ScreenSpaceAA	net.multigesture.kanama.api.Viewport.ScreenSpaceAA	enum	DISABLED=0,FXAA=1,SMAA=2,MAX=3
E	Viewport.VRSMode	net.multigesture.kanama.api.Viewport.VRSMode	enum	DISABLED=0,TEXTURE=1,XR=2,MAX=3
E	Viewport.VRSUpdateMode	net.multigesture.kanama.api.Viewport.VRSUpdateMode	enum	DISABLED=0,ONCE=1,ALWAYS=2,MAX=3
E	VirtualJoystick.JoystickMode	net.multigesture.kanama.api.VirtualJoystick.JoystickMode	enum	FIXED=0,DYNAMIC=1,FOLLOWING=2
E	VirtualJoystick.VisibilityMode	net.multigesture.kanama.api.VirtualJoystick.VisibilityMode	enum	ALWAYS=0,WHEN_TOUCHED=1
E	VisibleOnScreenEnabler2D.EnableMode	net.multigesture.kanama.api.VisibleOnScreenEnabler2D.EnableMode	enum	INHERIT=0,ALWAYS=1,WHEN_PAUSED=2
E	VisibleOnScreenEnabler3D.EnableMode	net.multigesture.kanama.api.VisibleOnScreenEnabler3D.EnableMode	enum	INHERIT=0,ALWAYS=1,WHEN_PAUSED=2
E	VisualShader.Type	net.multigesture.kanama.api.VisualShader.Type	enum	VERTEX=0,FRAGMENT=1,LIGHT=2,START=3,PROCESS=4,COLLIDE=5,START_CUSTOM=6,PROCESS_CUSTOM=7,SKY=8,FOG=9,TEXTURE_BLIT=10,MAX=11
E	VisualShader.VaryingMode	net.multigesture.kanama.api.VisualShader.VaryingMode	enum	VERTEX_TO_FRAG_LIGHT=0,FRAG_TO_LIGHT=1,MAX=2
E	VisualShader.VaryingType	net.multigesture.kanama.api.VisualShader.VaryingType	enum	FLOAT=0,INT=1,UINT=2,VECTOR_2D=3,VECTOR_3D=4,VECTOR_4D=5,BOOLEAN=6,TRANSFORM=7,MAX=8
E	VisualShaderNode.PortType	net.multigesture.kanama.api.VisualShaderNode.PortType	enum	SCALAR=0,SCALAR_INT=1,SCALAR_UINT=2,VECTOR_2D=3,VECTOR_3D=4,VECTOR_4D=5,BOOLEAN=6,TRANSFORM=7,SAMPLER=8,MAX=9
E	VisualShaderNodeBillboard.BillboardType	net.multigesture.kanama.api.VisualShaderNodeBillboard.BillboardType	enum	DISABLED=0,ENABLED=1,FIXED_Y=2,PARTICLES=3,MAX=4
E	VisualShaderNodeClamp.OpType	net.multigesture.kanama.api.VisualShaderNodeClamp.OpType	enum	FLOAT=0,INT=1,UINT=2,VECTOR_2D=3,VECTOR_3D=4,VECTOR_4D=5,MAX=6
E	VisualShaderNodeColorFunc.Function	net.multigesture.kanama.api.VisualShaderNodeColorFunc.Function	enum	GRAYSCALE=0,HSV2RGB=1,RGB2HSV=2,SEPIA=3,LINEAR_TO_SRGB=4,SRGB_TO_LINEAR=5,MAX=6
E	VisualShaderNodeColorOp.Operator	net.multigesture.kanama.api.VisualShaderNodeColorOp.Operator	enum	SCREEN=0,DIFFERENCE=1,DARKEN=2,LIGHTEN=3,OVERLAY=4,DODGE=5,BURN=6,SOFT_LIGHT=7,HARD_LIGHT=8,MAX=9
E	VisualShaderNodeCompare.ComparisonType	net.multigesture.kanama.api.VisualShaderNodeCompare.ComparisonType	enum	SCALAR=0,SCALAR_INT=1,SCALAR_UINT=2,VECTOR_2D=3,VECTOR_3D=4,VECTOR_4D=5,BOOLEAN=6,TRANSFORM=7,MAX=8
E	VisualShaderNodeCompare.Condition	net.multigesture.kanama.api.VisualShaderNodeCompare.Condition	enum	ALL=0,ANY=1,MAX=2
E	VisualShaderNodeCompare.Function	net.multigesture.kanama.api.VisualShaderNodeCompare.Function	enum	EQUAL=0,NOT_EQUAL=1,GREATER_THAN=2,GREATER_THAN_EQUAL=3,LESS_THAN=4,LESS_THAN_EQUAL=5,MAX=6
E	VisualShaderNodeCubemap.Source	net.multigesture.kanama.api.VisualShaderNodeCubemap.Source	enum	TEXTURE=0,PORT=1,MAX=2
E	VisualShaderNodeCubemap.TextureType	net.multigesture.kanama.api.VisualShaderNodeCubemap.TextureType	enum	DATA=0,COLOR=1,NORMAL_MAP=2,MAX=3
E	VisualShaderNodeDerivativeFunc.Function	net.multigesture.kanama.api.VisualShaderNodeDerivativeFunc.Function	enum	SUM=0,X=1,Y=2,MAX=3
E	VisualShaderNodeDerivativeFunc.OpType	net.multigesture.kanama.api.VisualShaderNodeDerivativeFunc.OpType	enum	SCALAR=0,VECTOR_2D=1,VECTOR_3D=2,VECTOR_4D=3,MAX=4
E	VisualShaderNodeDerivativeFunc.Precision	net.multigesture.kanama.api.VisualShaderNodeDerivativeFunc.Precision	enum	NONE=0,COARSE=1,FINE=2,MAX=3
E	VisualShaderNodeFloatFunc.Function	net.multigesture.kanama.api.VisualShaderNodeFloatFunc.Function	enum	SIN=0,COS=1,TAN=2,ASIN=3,ACOS=4,ATAN=5,SINH=6,COSH=7,TANH=8,LOG=9,EXP=10,SQRT=11,ABS=12,SIGN=13,FLOOR=14,ROUND=15,CEIL=16,FRACT=17,SATURATE=18,NEGATE=19,ACOSH=20,ASINH=21,ATANH=22,DEGREES=23,EXP2=24,INVERSE_SQRT=25,LOG2=26,RADIANS=27,RECIPROCAL=28,ROUNDEVEN=29,TRUNC=30,ONEMINUS=31,MAX=32
E	VisualShaderNodeFloatOp.Operator	net.multigesture.kanama.api.VisualShaderNodeFloatOp.Operator	enum	ADD=0,SUB=1,MUL=2,DIV=3,MOD=4,POW=5,MAX=6,MIN=7,ATAN2=8,STEP=9,ENUM_SIZE=10
E	VisualShaderNodeFloatParameter.Hint	net.multigesture.kanama.api.VisualShaderNodeFloatParameter.Hint	enum	NONE=0,RANGE=1,RANGE_STEP=2,MAX=3
E	VisualShaderNodeIntFunc.Function	net.multigesture.kanama.api.VisualShaderNodeIntFunc.Function	enum	ABS=0,NEGATE=1,SIGN=2,BITWISE_NOT=3,MAX=4
E	VisualShaderNodeIntOp.Operator	net.multigesture.kanama.api.VisualShaderNodeIntOp.Operator	enum	ADD=0,SUB=1,MUL=2,DIV=3,MOD=4,MAX=5,MIN=6,BITWISE_AND=7,BITWISE_OR=8,BITWISE_XOR=9,BITWISE_LEFT_SHIFT=10,BITWISE_RIGHT_SHIFT=11,ENUM_SIZE=12
E	VisualShaderNodeIntParameter.Hint	net.multigesture.kanama.api.VisualShaderNodeIntParameter.Hint	enum	NONE=0,RANGE=1,RANGE_STEP=2,ENUM=3,MAX=4
E	VisualShaderNodeIs.Function	net.multigesture.kanama.api.VisualShaderNodeIs.Function	enum	IS_INF=0,IS_NAN=1,MAX=2
E	VisualShaderNodeMix.OpType	net.multigesture.kanama.api.VisualShaderNodeMix.OpType	enum	SCALAR=0,VECTOR_2D=1,VECTOR_2D_SCALAR=2,VECTOR_3D=3,VECTOR_3D_SCALAR=4,VECTOR_4D=5,VECTOR_4D_SCALAR=6,MAX=7
E	VisualShaderNodeMultiplyAdd.OpType	net.multigesture.kanama.api.VisualShaderNodeMultiplyAdd.OpType	enum	SCALAR=0,VECTOR_2D=1,VECTOR_3D=2,VECTOR_4D=3,MAX=4
E	VisualShaderNodeParameter.Qualifier	net.multigesture.kanama.api.VisualShaderNodeParameter.Qualifier	enum	NONE=0,GLOBAL=1,INSTANCE=2,INSTANCE_INDEX=3,MAX=4
E	VisualShaderNodeParticleAccelerator.Mode	net.multigesture.kanama.api.VisualShaderNodeParticleAccelerator.Mode	enum	LINEAR=0,RADIAL=1,TANGENTIAL=2,MAX=3
E	VisualShaderNodeParticleEmit.EmitFlags	net.multigesture.kanama.api.VisualShaderNodeParticleEmit.EmitFlags	enum	POSITION=1,ROT_SCALE=2,VELOCITY=4,COLOR=8,CUSTOM=16
E	VisualShaderNodeParticleRandomness.OpType	net.multigesture.kanama.api.VisualShaderNodeParticleRandomness.OpType	enum	SCALAR=0,VECTOR_2D=1,VECTOR_3D=2,VECTOR_4D=3,MAX=4
E	VisualShaderNodeRemap.OpType	net.multigesture.kanama.api.VisualShaderNodeRemap.OpType	enum	SCALAR=0,VECTOR_2D=1,VECTOR_2D_SCALAR=2,VECTOR_3D=3,VECTOR_3D_SCALAR=4,VECTOR_4D=5,VECTOR_4D_SCALAR=6,MAX=7
E	VisualShaderNodeSample3D.Source	net.multigesture.kanama.api.VisualShaderNodeSample3D.Source	enum	TEXTURE=0,PORT=1,MAX=2
E	VisualShaderNodeSmoothStep.OpType	net.multigesture.kanama.api.VisualShaderNodeSmoothStep.OpType	enum	SCALAR=0,VECTOR_2D=1,VECTOR_2D_SCALAR=2,VECTOR_3D=3,VECTOR_3D_SCALAR=4,VECTOR_4D=5,VECTOR_4D_SCALAR=6,MAX=7
E	VisualShaderNodeStep.OpType	net.multigesture.kanama.api.VisualShaderNodeStep.OpType	enum	SCALAR=0,VECTOR_2D=1,VECTOR_2D_SCALAR=2,VECTOR_3D=3,VECTOR_3D_SCALAR=4,VECTOR_4D=5,VECTOR_4D_SCALAR=6,MAX=7
E	VisualShaderNodeSwitch.OpType	net.multigesture.kanama.api.VisualShaderNodeSwitch.OpType	enum	FLOAT=0,INT=1,UINT=2,VECTOR_2D=3,VECTOR_3D=4,VECTOR_4D=5,BOOLEAN=6,TRANSFORM=7,MAX=8
E	VisualShaderNodeTexture.Source	net.multigesture.kanama.api.VisualShaderNodeTexture.Source	enum	TEXTURE=0,SCREEN=1,SOURCE_2D_TEXTURE=2,SOURCE_2D_NORMAL=3,DEPTH=4,PORT=5,SOURCE_3D_NORMAL=6,ROUGHNESS=7,MAX=8
E	VisualShaderNodeTexture.TextureType	net.multigesture.kanama.api.VisualShaderNodeTexture.TextureType	enum	DATA=0,COLOR=1,NORMAL_MAP=2,MAX=3
E	VisualShaderNodeTextureParameter.ColorDefault	net.multigesture.kanama.api.VisualShaderNodeTextureParameter.ColorDefault	enum	WHITE=0,BLACK=1,TRANSPARENT=2,MAX=3
E	VisualShaderNodeTextureParameter.TextureFilter	net.multigesture.kanama.api.VisualShaderNodeTextureParameter.TextureFilter	enum	DEFAULT=0,NEAREST=1,LINEAR=2,NEAREST_MIPMAP=3,LINEAR_MIPMAP=4,NEAREST_MIPMAP_ANISOTROPIC=5,LINEAR_MIPMAP_ANISOTROPIC=6,MAX=7
E	VisualShaderNodeTextureParameter.TextureRepeat	net.multigesture.kanama.api.VisualShaderNodeTextureParameter.TextureRepeat	enum	DEFAULT=0,ENABLED=1,DISABLED=2,MAX=3
E	VisualShaderNodeTextureParameter.TextureSource	net.multigesture.kanama.api.VisualShaderNodeTextureParameter.TextureSource	enum	NONE=0,SCREEN=1,DEPTH=2,NORMAL_ROUGHNESS=3,MAX=4
E	VisualShaderNodeTextureParameter.TextureType	net.multigesture.kanama.api.VisualShaderNodeTextureParameter.TextureType	enum	DATA=0,COLOR=1,NORMAL_MAP=2,ANISOTROPY=3,MAX=4
E	VisualShaderNodeTransformFunc.Function	net.multigesture.kanama.api.VisualShaderNodeTransformFunc.Function	enum	INVERSE=0,TRANSPOSE=1,MAX=2
E	VisualShaderNodeTransformOp.Operator	net.multigesture.kanama.api.VisualShaderNodeTransformOp.Operator	enum	AxB=0,BxA=1,AxB_COMP=2,BxA_COMP=3,ADD=4,A_MINUS_B=5,B_MINUS_A=6,A_DIV_B=7,B_DIV_A=8,MAX=9
E	VisualShaderNodeTransformVecMult.Operator	net.multigesture.kanama.api.VisualShaderNodeTransformVecMult.Operator	enum	AxB=0,BxA=1,OP_3x3_AxB=2,OP_3x3_BxA=3,MAX=4
E	VisualShaderNodeUIntFunc.Function	net.multigesture.kanama.api.VisualShaderNodeUIntFunc.Function	enum	NEGATE=0,BITWISE_NOT=1,MAX=2
E	VisualShaderNodeUIntOp.Operator	net.multigesture.kanama.api.VisualShaderNodeUIntOp.Operator	enum	ADD=0,SUB=1,MUL=2,DIV=3,MOD=4,MAX=5,MIN=6,BITWISE_AND=7,BITWISE_OR=8,BITWISE_XOR=9,BITWISE_LEFT_SHIFT=10,BITWISE_RIGHT_SHIFT=11,ENUM_SIZE=12
E	VisualShaderNodeUVFunc.Function	net.multigesture.kanama.api.VisualShaderNodeUVFunc.Function	enum	PANNING=0,SCALING=1,MAX=2
E	VisualShaderNodeVectorBase.OpType	net.multigesture.kanama.api.VisualShaderNodeVectorBase.OpType	enum	VECTOR_2D=0,VECTOR_3D=1,VECTOR_4D=2,MAX=3
E	VisualShaderNodeVectorFunc.Function	net.multigesture.kanama.api.VisualShaderNodeVectorFunc.Function	enum	NORMALIZE=0,SATURATE=1,NEGATE=2,RECIPROCAL=3,ABS=4,ACOS=5,ACOSH=6,ASIN=7,ASINH=8,ATAN=9,ATANH=10,CEIL=11,COS=12,COSH=13,DEGREES=14,EXP=15,EXP2=16,FLOOR=17,FRACT=18,INVERSE_SQRT=19,LOG=20,LOG2=21,RADIANS=22,ROUND=23,ROUNDEVEN=24,SIGN=25,SIN=26,SINH=27,SQRT=28,TAN=29,TANH=30,TRUNC=31,ONEMINUS=32,MAX=33
E	VisualShaderNodeVectorOp.Operator	net.multigesture.kanama.api.VisualShaderNodeVectorOp.Operator	enum	ADD=0,SUB=1,MUL=2,DIV=3,MOD=4,POW=5,MAX=6,MIN=7,CROSS=8,ATAN2=9,REFLECT=10,STEP=11,ENUM_SIZE=12
E	VoxelGI.Subdiv	net.multigesture.kanama.api.VoxelGI.Subdiv	enum	SUBDIV_64=0,SUBDIV_128=1,SUBDIV_256=2,SUBDIV_512=3,MAX=4
E	WebRTCDataChannel.ChannelState	net.multigesture.kanama.api.WebRTCDataChannel.ChannelState	enum	CONNECTING=0,OPEN=1,CLOSING=2,CLOSED=3
E	WebRTCDataChannel.WriteMode	net.multigesture.kanama.api.WebRTCDataChannel.WriteMode	enum	TEXT=0,BINARY=1
E	WebRTCPeerConnection.ConnectionState	net.multigesture.kanama.api.WebRTCPeerConnection.ConnectionState	enum	NEW=0,CONNECTING=1,CONNECTED=2,DISCONNECTED=3,FAILED=4,CLOSED=5
E	WebRTCPeerConnection.GatheringState	net.multigesture.kanama.api.WebRTCPeerConnection.GatheringState	enum	NEW=0,GATHERING=1,COMPLETE=2
E	WebRTCPeerConnection.SignalingState	net.multigesture.kanama.api.WebRTCPeerConnection.SignalingState	enum	STABLE=0,HAVE_LOCAL_OFFER=1,HAVE_REMOTE_OFFER=2,HAVE_LOCAL_PRANSWER=3,HAVE_REMOTE_PRANSWER=4,CLOSED=5
E	WebSocketPeer.State	net.multigesture.kanama.api.WebSocketPeer.State	enum	CONNECTING=0,OPEN=1,CLOSING=2,CLOSED=3
E	WebSocketPeer.WriteMode	net.multigesture.kanama.api.WebSocketPeer.WriteMode	enum	TEXT=0,BINARY=1
E	WebXRInterface.TargetRayMode	net.multigesture.kanama.api.WebXRInterface.TargetRayMode	enum	UNKNOWN=0,GAZE=1,TRACKED_POINTER=2,SCREEN=3
E	Window.ContentScaleAspect	net.multigesture.kanama.api.Window.ContentScaleAspect	enum	IGNORE=0,KEEP=1,KEEP_WIDTH=2,KEEP_HEIGHT=3,EXPAND=4
E	Window.ContentScaleMode	net.multigesture.kanama.api.Window.ContentScaleMode	enum	DISABLED=0,CANVAS_ITEMS=1,VIEWPORT=2
E	Window.ContentScaleStretch	net.multigesture.kanama.api.Window.ContentScaleStretch	enum	FRACTIONAL=0,INTEGER=1
E	Window.Flags	net.multigesture.kanama.api.Window.Flags	enum	RESIZE_DISABLED=0,BORDERLESS=1,ALWAYS_ON_TOP=2,TRANSPARENT=3,NO_FOCUS=4,POPUP=5,EXTEND_TO_TITLE=6,MOUSE_PASSTHROUGH=7,SHARP_CORNERS=8,EXCLUDE_FROM_CAPTURE=9,POPUP_WM_HINT=10,MINIMIZE_DISABLED=11,MAXIMIZE_DISABLED=12,MAX=13
E	Window.LayoutDirection	net.multigesture.kanama.api.Window.LayoutDirection	enum	INHERITED=0,APPLICATION_LOCALE=1,LTR=2,RTL=3,SYSTEM_LOCALE=4,MAX=5,LOCALE=1
E	Window.Mode	net.multigesture.kanama.api.Window.Mode	enum	WINDOWED=0,MINIMIZED=1,MAXIMIZED=2,FULLSCREEN=3,EXCLUSIVE_FULLSCREEN=4
E	Window.WindowInitialPosition	net.multigesture.kanama.api.Window.WindowInitialPosition	enum	ABSOLUTE=0,CENTER_PRIMARY_SCREEN=1,CENTER_MAIN_WINDOW_SCREEN=2,CENTER_OTHER_SCREEN=3,CENTER_SCREEN_WITH_MOUSE_FOCUS=4,CENTER_SCREEN_WITH_KEYBOARD_FOCUS=5
E	XMLParser.NodeType	net.multigesture.kanama.api.XMLParser.NodeType	enum	NONE=0,ELEMENT=1,ELEMENT_END=2,TEXT=3,COMMENT=4,CDATA=5,UNKNOWN=6
E	XRBodyModifier3D.BodyUpdate	net.multigesture.kanama.api.XRBodyModifier3D.BodyUpdate	bitfield	UPPER_BODY=1,LOWER_BODY=2,HANDS=4
E	XRBodyModifier3D.BoneUpdate	net.multigesture.kanama.api.XRBodyModifier3D.BoneUpdate	enum	FULL=0,ROTATION_ONLY=1,MAX=2
E	XRBodyTracker.BodyFlags	net.multigesture.kanama.api.XRBodyTracker.BodyFlags	bitfield	UPPER_BODY_SUPPORTED=1,LOWER_BODY_SUPPORTED=2,HANDS_SUPPORTED=4
E	XRBodyTracker.Joint	net.multigesture.kanama.api.XRBodyTracker.Joint	enum	ROOT=0,HIPS=1,SPINE=2,CHEST=3,UPPER_CHEST=4,NECK=5,HEAD=6,HEAD_TIP=7,LEFT_SHOULDER=8,LEFT_UPPER_ARM=9,LEFT_LOWER_ARM=10,RIGHT_SHOULDER=11,RIGHT_UPPER_ARM=12,RIGHT_LOWER_ARM=13,LEFT_UPPER_LEG=14,LEFT_LOWER_LEG=15,LEFT_FOOT=16,LEFT_TOES=17,RIGHT_UPPER_LEG=18,RIGHT_LOWER_LEG=19,RIGHT_FOOT=20,RIGHT_TOES=21,LEFT_HAND=22,LEFT_PALM=23,LEFT_WRIST=24,LEFT_THUMB_METACARPAL=25,LEFT_THUMB_PHALANX_PROXIMAL=26,LEFT_THUMB_PHALANX_DISTAL=27,LEFT_THUMB_TIP=28,LEFT_INDEX_FINGER_METACARPAL=29,LEFT_INDEX_FINGER_PHALANX_PROXIMAL=30,LEFT_INDEX_FINGER_PHALANX_INTERMEDIATE=31,LEFT_INDEX_FINGER_PHALANX_DISTAL=32,LEFT_INDEX_FINGER_TIP=33,LEFT_MIDDLE_FINGER_METACARPAL=34,LEFT_MIDDLE_FINGER_PHALANX_PROXIMAL=35,LEFT_MIDDLE_FINGER_PHALANX_INTERMEDIATE=36,LEFT_MIDDLE_FINGER_PHALANX_DISTAL=37,LEFT_MIDDLE_FINGER_TIP=38,LEFT_RING_FINGER_METACARPAL=39,LEFT_RING_FINGER_PHALANX_PROXIMAL=40,LEFT_RING_FINGER_PHALANX_INTERMEDIATE=41,LEFT_RING_FINGER_PHALANX_DISTAL=42,LEFT_RING_FINGER_TIP=43,LEFT_PINKY_FINGER_METACARPAL=44,LEFT_PINKY_FINGER_PHALANX_PROXIMAL=45,LEFT_PINKY_FINGER_PHALANX_INTERMEDIATE=46,LEFT_PINKY_FINGER_PHALANX_DISTAL=47,LEFT_PINKY_FINGER_TIP=48,RIGHT_HAND=49,RIGHT_PALM=50,RIGHT_WRIST=51,RIGHT_THUMB_METACARPAL=52,RIGHT_THUMB_PHALANX_PROXIMAL=53,RIGHT_THUMB_PHALANX_DISTAL=54,RIGHT_THUMB_TIP=55,RIGHT_INDEX_FINGER_METACARPAL=56,RIGHT_INDEX_FINGER_PHALANX_PROXIMAL=57,RIGHT_INDEX_FINGER_PHALANX_INTERMEDIATE=58,RIGHT_INDEX_FINGER_PHALANX_DISTAL=59,RIGHT_INDEX_FINGER_TIP=60,RIGHT_MIDDLE_FINGER_METACARPAL=61,RIGHT_MIDDLE_FINGER_PHALANX_PROXIMAL=62,RIGHT_MIDDLE_FINGER_PHALANX_INTERMEDIATE=63,RIGHT_MIDDLE_FINGER_PHALANX_DISTAL=64,RIGHT_MIDDLE_FINGER_TIP=65,RIGHT_RING_FINGER_METACARPAL=66,RIGHT_RING_FINGER_PHALANX_PROXIMAL=67,RIGHT_RING_FINGER_PHALANX_INTERMEDIATE=68,RIGHT_RING_FINGER_PHALANX_DISTAL=69,RIGHT_RING_FINGER_TIP=70,RIGHT_PINKY_FINGER_METACARPAL=71,RIGHT_PINKY_FINGER_PHALANX_PROXIMAL=72,RIGHT_PINKY_FINGER_PHALANX_INTERMEDIATE=73,RIGHT_PINKY_FINGER_PHALANX_DISTAL=74,RIGHT_PINKY_FINGER_TIP=75,LOWER_CHEST=76,LEFT_SCAPULA=77,LEFT_WRIST_TWIST=78,RIGHT_SCAPULA=79,RIGHT_WRIST_TWIST=80,LEFT_FOOT_TWIST=81,LEFT_HEEL=82,LEFT_MIDDLE_FOOT=83,RIGHT_FOOT_TWIST=84,RIGHT_HEEL=85,RIGHT_MIDDLE_FOOT=86,MAX=87
E	XRBodyTracker.JointFlags	net.multigesture.kanama.api.XRBodyTracker.JointFlags	bitfield	ORIENTATION_VALID=1,ORIENTATION_TRACKED=2,POSITION_VALID=4,POSITION_TRACKED=8
E	XRFaceTracker.BlendShapeEntry	net.multigesture.kanama.api.XRFaceTracker.BlendShapeEntry	enum	EYE_LOOK_OUT_RIGHT=0,EYE_LOOK_IN_RIGHT=1,EYE_LOOK_UP_RIGHT=2,EYE_LOOK_DOWN_RIGHT=3,EYE_LOOK_OUT_LEFT=4,EYE_LOOK_IN_LEFT=5,EYE_LOOK_UP_LEFT=6,EYE_LOOK_DOWN_LEFT=7,EYE_CLOSED_RIGHT=8,EYE_CLOSED_LEFT=9,EYE_SQUINT_RIGHT=10,EYE_SQUINT_LEFT=11,EYE_WIDE_RIGHT=12,EYE_WIDE_LEFT=13,EYE_DILATION_RIGHT=14,EYE_DILATION_LEFT=15,EYE_CONSTRICT_RIGHT=16,EYE_CONSTRICT_LEFT=17,BROW_PINCH_RIGHT=18,BROW_PINCH_LEFT=19,BROW_LOWERER_RIGHT=20,BROW_LOWERER_LEFT=21,BROW_INNER_UP_RIGHT=22,BROW_INNER_UP_LEFT=23,BROW_OUTER_UP_RIGHT=24,BROW_OUTER_UP_LEFT=25,NOSE_SNEER_RIGHT=26,NOSE_SNEER_LEFT=27,NASAL_DILATION_RIGHT=28,NASAL_DILATION_LEFT=29,NASAL_CONSTRICT_RIGHT=30,NASAL_CONSTRICT_LEFT=31,CHEEK_SQUINT_RIGHT=32,CHEEK_SQUINT_LEFT=33,CHEEK_PUFF_RIGHT=34,CHEEK_PUFF_LEFT=35,CHEEK_SUCK_RIGHT=36,CHEEK_SUCK_LEFT=37,JAW_OPEN=38,MOUTH_CLOSED=39,JAW_RIGHT=40,JAW_LEFT=41,JAW_FORWARD=42,JAW_BACKWARD=43,JAW_CLENCH=44,JAW_MANDIBLE_RAISE=45,LIP_SUCK_UPPER_RIGHT=46,LIP_SUCK_UPPER_LEFT=47,LIP_SUCK_LOWER_RIGHT=48,LIP_SUCK_LOWER_LEFT=49,LIP_SUCK_CORNER_RIGHT=50,LIP_SUCK_CORNER_LEFT=51,LIP_FUNNEL_UPPER_RIGHT=52,LIP_FUNNEL_UPPER_LEFT=53,LIP_FUNNEL_LOWER_RIGHT=54,LIP_FUNNEL_LOWER_LEFT=55,LIP_PUCKER_UPPER_RIGHT=56,LIP_PUCKER_UPPER_LEFT=57,LIP_PUCKER_LOWER_RIGHT=58,LIP_PUCKER_LOWER_LEFT=59,MOUTH_UPPER_UP_RIGHT=60,MOUTH_UPPER_UP_LEFT=61,MOUTH_LOWER_DOWN_RIGHT=62,MOUTH_LOWER_DOWN_LEFT=63,MOUTH_UPPER_DEEPEN_RIGHT=64,MOUTH_UPPER_DEEPEN_LEFT=65,MOUTH_UPPER_RIGHT=66,MOUTH_UPPER_LEFT=67,MOUTH_LOWER_RIGHT=68,MOUTH_LOWER_LEFT=69,MOUTH_CORNER_PULL_RIGHT=70,MOUTH_CORNER_PULL_LEFT=71,MOUTH_CORNER_SLANT_RIGHT=72,MOUTH_CORNER_SLANT_LEFT=73,MOUTH_FROWN_RIGHT=74,MOUTH_FROWN_LEFT=75,MOUTH_STRETCH_RIGHT=76,MOUTH_STRETCH_LEFT=77,MOUTH_DIMPLE_RIGHT=78,MOUTH_DIMPLE_LEFT=79,MOUTH_RAISER_UPPER=80,MOUTH_RAISER_LOWER=81,MOUTH_PRESS_RIGHT=82,MOUTH_PRESS_LEFT=83,MOUTH_TIGHTENER_RIGHT=84,MOUTH_TIGHTENER_LEFT=85,TONGUE_OUT=86,TONGUE_UP=87,TONGUE_DOWN=88,TONGUE_RIGHT=89,TONGUE_LEFT=90,TONGUE_ROLL=91,TONGUE_BLEND_DOWN=92,TONGUE_CURL_UP=93,TONGUE_SQUISH=94,TONGUE_FLAT=95,TONGUE_TWIST_RIGHT=96,TONGUE_TWIST_LEFT=97,SOFT_PALATE_CLOSE=98,THROAT_SWALLOW=99,NECK_FLEX_RIGHT=100,NECK_FLEX_LEFT=101,EYE_CLOSED=102,EYE_WIDE=103,EYE_SQUINT=104,EYE_DILATION=105,EYE_CONSTRICT=106,BROW_DOWN_RIGHT=107,BROW_DOWN_LEFT=108,BROW_DOWN=109,BROW_UP_RIGHT=110,BROW_UP_LEFT=111,BROW_UP=112,NOSE_SNEER=113,NASAL_DILATION=114,NASAL_CONSTRICT=115,CHEEK_PUFF=116,CHEEK_SUCK=117,CHEEK_SQUINT=118,LIP_SUCK_UPPER=119,LIP_SUCK_LOWER=120,LIP_SUCK=121,LIP_FUNNEL_UPPER=122,LIP_FUNNEL_LOWER=123,LIP_FUNNEL=124,LIP_PUCKER_UPPER=125,LIP_PUCKER_LOWER=126,LIP_PUCKER=127,MOUTH_UPPER_UP=128,MOUTH_LOWER_DOWN=129,MOUTH_OPEN=130,MOUTH_RIGHT=131,MOUTH_LEFT=132,MOUTH_SMILE_RIGHT=133,MOUTH_SMILE_LEFT=134,MOUTH_SMILE=135,MOUTH_SAD_RIGHT=136,MOUTH_SAD_LEFT=137,MOUTH_SAD=138,MOUTH_STRETCH=139,MOUTH_DIMPLE=140,MOUTH_TIGHTENER=141,MOUTH_PRESS=142,MAX=143
E	XRHandModifier3D.BoneUpdate	net.multigesture.kanama.api.XRHandModifier3D.BoneUpdate	enum	FULL=0,ROTATION_ONLY=1,MAX=2
E	XRHandTracker.HandJoint	net.multigesture.kanama.api.XRHandTracker.HandJoint	enum	PALM=0,WRIST=1,THUMB_METACARPAL=2,THUMB_PHALANX_PROXIMAL=3,THUMB_PHALANX_DISTAL=4,THUMB_TIP=5,INDEX_FINGER_METACARPAL=6,INDEX_FINGER_PHALANX_PROXIMAL=7,INDEX_FINGER_PHALANX_INTERMEDIATE=8,INDEX_FINGER_PHALANX_DISTAL=9,INDEX_FINGER_TIP=10,MIDDLE_FINGER_METACARPAL=11,MIDDLE_FINGER_PHALANX_PROXIMAL=12,MIDDLE_FINGER_PHALANX_INTERMEDIATE=13,MIDDLE_FINGER_PHALANX_DISTAL=14,MIDDLE_FINGER_TIP=15,RING_FINGER_METACARPAL=16,RING_FINGER_PHALANX_PROXIMAL=17,RING_FINGER_PHALANX_INTERMEDIATE=18,RING_FINGER_PHALANX_DISTAL=19,RING_FINGER_TIP=20,PINKY_FINGER_METACARPAL=21,PINKY_FINGER_PHALANX_PROXIMAL=22,PINKY_FINGER_PHALANX_INTERMEDIATE=23,PINKY_FINGER_PHALANX_DISTAL=24,PINKY_FINGER_TIP=25,MAX=26
E	XRHandTracker.HandJointFlags	net.multigesture.kanama.api.XRHandTracker.HandJointFlags	bitfield	ORIENTATION_VALID=1,ORIENTATION_TRACKED=2,POSITION_VALID=4,POSITION_TRACKED=8,LINEAR_VELOCITY_VALID=16,ANGULAR_VELOCITY_VALID=32
E	XRHandTracker.HandTrackingSource	net.multigesture.kanama.api.XRHandTracker.HandTrackingSource	enum	UNKNOWN=0,UNOBSTRUCTED=1,CONTROLLER=2,NOT_TRACKED=3,MAX=4
E	XRInterface.Capabilities	net.multigesture.kanama.api.XRInterface.Capabilities	enum	NONE=0,MONO=1,STEREO=2,QUAD=4,VR=8,AR=16,EXTERNAL=32
E	XRInterface.EnvironmentBlendMode	net.multigesture.kanama.api.XRInterface.EnvironmentBlendMode	enum	OPAQUE=0,ADDITIVE=1,ALPHA_BLEND=2
E	XRInterface.PlayAreaMode	net.multigesture.kanama.api.XRInterface.PlayAreaMode	enum	UNKNOWN=0,AREA_3DOF=1,SITTING=2,ROOMSCALE=3,STAGE=4,CUSTOM=2147483647
E	XRInterface.TrackingStatus	net.multigesture.kanama.api.XRInterface.TrackingStatus	enum	NORMAL_TRACKING=0,EXCESSIVE_MOTION=1,INSUFFICIENT_FEATURES=2,UNKNOWN_TRACKING=3,NOT_TRACKING=4
E	XRInterface.VRSTextureFormat	net.multigesture.kanama.api.XRInterface.VRSTextureFormat	enum	UNIFIED=0,FRAGMENT_SHADING_RATE=1,FRAGMENT_DENSITY_MAP=2
E	XRPose.TrackingConfidence	net.multigesture.kanama.api.XRPose.TrackingConfidence	enum	NONE=0,LOW=1,HIGH=2
E	XRPositionalTracker.TrackerHand	net.multigesture.kanama.api.XRPositionalTracker.TrackerHand	enum	UNKNOWN=0,LEFT=1,RIGHT=2,MAX=3
E	XRServer.RotationMode	net.multigesture.kanama.api.XRServer.RotationMode	enum	RESET_FULL_ROTATION=0,RESET_BUT_KEEP_TILT=1,DONT_RESET_ROTATION=2
E	XRServer.TrackerType	net.multigesture.kanama.api.XRServer.TrackerType	enum	HEAD=1,CONTROLLER=2,BASESTATION=4,ANCHOR=8,HAND=16,BODY=32,FACE=64,ANY_KNOWN=127,UNKNOWN=128,ANY=255
E	ZIPPacker.CompressionLevel	net.multigesture.kanama.api.ZIPPacker.CompressionLevel	enum	DEFAULT=-1,NONE=0,FAST=1,BEST=9
E	ZIPPacker.ZipAppend	net.multigesture.kanama.api.ZIPPacker.ZipAppend	enum	CREATE=0,CREATEAFTER=1,ADDINZIP=2
# counts: enums=793
